Jul 29 13:32:40 amo kernel: KHO: Failed to reserve lowmem scratch buffer
Jul 29 13:32:41 amo (udev-worker)[394]: Error running install command '/sbin/modprobe --ignore-install snd  && { /sbin/modprobe --quiet --use-blacklist snd-ioctl32 ; /sbin/modprobe --quiet --use-blacklist snd-seq ; }' for module snd: retcode 1
Jul 29 13:32:41 amo (udev-worker)[397]: Error running install command '/sbin/modprobe --ignore-install snd  && { /sbin/modprobe --quiet --use-blacklist snd-ioctl32 ; /sbin/modprobe --quiet --use-blacklist snd-seq ; }' for module snd: retcode 1
Jul 29 11:33:02 amo gdm-password][4481]: gkr-pam: unable to locate daemon control file
Jul 29 11:33:03 amo systemd[4841]: Failed to start app-gnome-snap\x2duserd\x2dautostart-5599.scope - Application launched by gnome-session-service.
Jul 29 11:44:09 amo kernel: amdgpu 0000:c3:00.0: [drm] *ERROR* dpcd_set_link_settings:1122: core_link_write_dpcd (DP_DOWNSPREAD_CTRL) failed
Jul 29 11:44:09 amo kernel: amdgpu 0000:c3:00.0: [drm] *ERROR* dpcd_set_link_settings:1127: core_link_write_dpcd (DP_LANE_COUNT_SET) failed
Jul 29 11:44:09 amo kernel: amdgpu 0000:c3:00.0: [drm] *ERROR* dpcd_set_link_settings:1155: core_link_write_dpcd (DP_LINK_BW_SET) failed
Jul 29 11:44:10 amo kernel: amdgpu 0000:c3:00.0: [drm] *ERROR* dpcd_set_link_settings:1122: core_link_write_dpcd (DP_DOWNSPREAD_CTRL) failed
Jul 29 11:44:10 amo kernel: amdgpu 0000:c3:00.0: [drm] *ERROR* dpcd_set_link_settings:1127: core_link_write_dpcd (DP_LANE_COUNT_SET) failed
Jul 29 11:44:10 amo kernel: amdgpu 0000:c3:00.0: [drm] *ERROR* dpcd_set_link_settings:1155: core_link_write_dpcd (DP_LINK_BW_SET) failed
Jul 29 11:44:10 amo kernel: amdgpu 0000:c3:00.0: [drm] *ERROR* dpcd_set_link_settings:1122: core_link_write_dpcd (DP_DOWNSPREAD_CTRL) failed
Jul 29 11:44:11 amo kernel: amdgpu 0000:c3:00.0: [drm] *ERROR* dpcd_set_link_settings:1127: core_link_write_dpcd (DP_LANE_COUNT_SET) failed
Jul 29 11:44:11 amo kernel: amdgpu 0000:c3:00.0: [drm] *ERROR* dpcd_set_link_settings:1155: core_link_write_dpcd (DP_LINK_BW_SET) failed
Jul 29 11:44:11 amo kernel: amdgpu 0000:c3:00.0: [drm] *ERROR* dpcd_set_link_settings:1122: core_link_write_dpcd (DP_DOWNSPREAD_CTRL) failed
Jul 29 11:44:12 amo kernel: amdgpu 0000:c3:00.0: [drm] *ERROR* dpcd_set_link_settings:1127: core_link_write_dpcd (DP_LANE_COUNT_SET) failed
Jul 29 11:44:12 amo kernel: amdgpu 0000:c3:00.0: [drm] *ERROR* dpcd_set_link_settings:1155: core_link_write_dpcd (DP_LINK_BW_SET) failed
Jul 29 11:44:13 amo kernel: amdgpu 0000:c3:00.0: [drm] *ERROR* dpcd_set_link_settings:1122: core_link_write_dpcd (DP_DOWNSPREAD_CTRL) failed
Jul 29 11:44:13 amo kernel: amdgpu 0000:c3:00.0: [drm] *ERROR* dpcd_set_link_settings:1127: core_link_write_dpcd (DP_LANE_COUNT_SET) failed
Jul 29 11:44:13 amo kernel: amdgpu 0000:c3:00.0: [drm] *ERROR* dpcd_set_link_settings:1155: core_link_write_dpcd (DP_LINK_BW_SET) failed
Jul 29 11:44:14 amo kernel: amdgpu 0000:c3:00.0: [drm] *ERROR* dpcd_set_link_settings:1122: core_link_write_dpcd (DP_DOWNSPREAD_CTRL) failed
Jul 29 11:44:14 amo kernel: amdgpu 0000:c3:00.0: [drm] *ERROR* dpcd_set_link_settings:1127: core_link_write_dpcd (DP_LANE_COUNT_SET) failed
Jul 29 11:44:14 amo kernel: amdgpu 0000:c3:00.0: [drm] *ERROR* dpcd_set_link_settings:1155: core_link_write_dpcd (DP_LINK_BW_SET) failed
Jul 29 11:44:15 amo kernel: amdgpu 0000:c3:00.0: [drm] *ERROR* dpcd_set_link_settings:1122: core_link_write_dpcd (DP_DOWNSPREAD_CTRL) failed
Jul 29 11:44:15 amo kernel: amdgpu 0000:c3:00.0: [drm] *ERROR* dpcd_set_link_settings:1127: core_link_write_dpcd (DP_LANE_COUNT_SET) failed
Jul 29 11:44:15 amo kernel: amdgpu 0000:c3:00.0: [drm] *ERROR* dpcd_set_link_settings:1155: core_link_write_dpcd (DP_LINK_BW_SET) failed
Jul 29 11:44:15 amo kernel: amdgpu 0000:c3:00.0: [drm] *ERROR* dpcd_set_link_settings:1122: core_link_write_dpcd (DP_DOWNSPREAD_CTRL) failed
Jul 29 11:44:15 amo kernel: amdgpu 0000:c3:00.0: [drm] *ERROR* dpcd_set_link_settings:1127: core_link_write_dpcd (DP_LANE_COUNT_SET) failed
Jul 29 11:44:16 amo kernel: amdgpu 0000:c3:00.0: [drm] *ERROR* dpcd_set_link_settings:1155: core_link_write_dpcd (DP_LINK_BW_SET) failed
Jul 29 11:44:17 amo kernel: usb 8-1: device not accepting address 7, error -71
Jul 30 02:09:16 amo kernel: i2c_hid_acpi i2c-ELAN0676:00: i2c_hid_get_input: incomplete report (31/65280)
Jul 30 03:26:31 amo bluetoothd[1539]: src/profile.c:ext_io_disconnected() Unable to get io data for Hands-Free Voice gateway: getpeername: Transport endpoint is not connected (107)
Jul 30 09:18:49 amo kernel: ucsi_acpi USBC000:00: ucsi_handle_connector_change: GET_CONNECTOR_STATUS failed (-110)
Jul 30 09:18:53 amo bluetoothd[1539]: src/profile.c:record_cb() Unable to get Hands-Free Voice gateway SDP record: Host is down
Jul 30 09:18:56 amo kernel: usb 6-1: device not accepting address 2, error -71
Jul 30 09:19:00 amo bluetoothd[1539]: src/profile.c:record_cb() Unable to get Hands-Free Voice gateway SDP record: Host is down
Jul 30 09:19:09 amo bluetoothd[1539]: src/profile.c:record_cb() Unable to get Hands-Free Voice gateway SDP record: Host is down
Jul 30 09:19:23 amo bluetoothd[1539]: src/profile.c:record_cb() Unable to get Hands-Free Voice gateway SDP record: Host is down
Jul 30 09:19:45 amo bluetoothd[1539]: src/profile.c:record_cb() Unable to get Hands-Free Voice gateway SDP record: Host is down
Jul 30 09:20:23 amo bluetoothd[1539]: src/profile.c:record_cb() Unable to get Hands-Free Voice gateway SDP record: Host is down
Jul 30 09:21:33 amo bluetoothd[1539]: src/profile.c:record_cb() Unable to get Hands-Free Voice gateway SDP record: Host is down
Jul 30 09:42:48 amo kernel: amdgpu 0000:c3:00.0: [drm] *ERROR* dpcd_set_link_settings:1122: core_link_write_dpcd (DP_DOWNSPREAD_CTRL) failed
Jul 30 09:42:48 amo kernel: amdgpu 0000:c3:00.0: [drm] *ERROR* dpcd_set_link_settings:1127: core_link_write_dpcd (DP_LANE_COUNT_SET) failed
Jul 30 09:42:48 amo kernel: amdgpu 0000:c3:00.0: [drm] *ERROR* dpcd_set_link_settings:1155: core_link_write_dpcd (DP_LINK_BW_SET) failed
Jul 30 09:42:49 amo kernel: amdgpu 0000:c3:00.0: [drm] *ERROR* dpcd_set_link_settings:1122: core_link_write_dpcd (DP_DOWNSPREAD_CTRL) failed
Jul 30 09:42:49 amo kernel: amdgpu 0000:c3:00.0: [drm] *ERROR* dpcd_set_link_settings:1127: core_link_write_dpcd (DP_LANE_COUNT_SET) failed
Jul 30 09:42:49 amo kernel: amdgpu 0000:c3:00.0: [drm] *ERROR* dpcd_set_link_settings:1155: core_link_write_dpcd (DP_LINK_BW_SET) failed
Jul 30 09:42:49 amo kernel: amdgpu 0000:c3:00.0: [drm] *ERROR* dpcd_set_link_settings:1122: core_link_write_dpcd (DP_DOWNSPREAD_CTRL) failed
Jul 30 09:42:49 amo kernel: amdgpu 0000:c3:00.0: [drm] *ERROR* dpcd_set_link_settings:1127: core_link_write_dpcd (DP_LANE_COUNT_SET) failed
Jul 30 09:42:49 amo kernel: amdgpu 0000:c3:00.0: [drm] *ERROR* dpcd_set_link_settings:1155: core_link_write_dpcd (DP_LINK_BW_SET) failed
Jul 30 09:42:50 amo kernel: amdgpu 0000:c3:00.0: [drm] *ERROR* dpcd_set_link_settings:1122: core_link_write_dpcd (DP_DOWNSPREAD_CTRL) failed
Jul 30 09:42:50 amo kernel: amdgpu 0000:c3:00.0: [drm] *ERROR* dpcd_set_link_settings:1127: core_link_write_dpcd (DP_LANE_COUNT_SET) failed
Jul 30 09:42:50 amo kernel: amdgpu 0000:c3:00.0: [drm] *ERROR* dpcd_set_link_settings:1155: core_link_write_dpcd (DP_LINK_BW_SET) failed
Jul 30 09:42:51 amo kernel: amdgpu 0000:c3:00.0: [drm] *ERROR* dpcd_set_link_settings:1122: core_link_write_dpcd (DP_DOWNSPREAD_CTRL) failed
Jul 30 09:42:51 amo kernel: amdgpu 0000:c3:00.0: [drm] *ERROR* dpcd_set_link_settings:1127: core_link_write_dpcd (DP_LANE_COUNT_SET) failed
Jul 30 09:42:51 amo kernel: amdgpu 0000:c3:00.0: [drm] *ERROR* dpcd_set_link_settings:1155: core_link_write_dpcd (DP_LINK_BW_SET) failed
Jul 30 09:42:51 amo kernel: amdgpu 0000:c3:00.0: [drm] *ERROR* dpcd_set_link_settings:1122: core_link_write_dpcd (DP_DOWNSPREAD_CTRL) failed
Jul 30 09:42:51 amo kernel: amdgpu 0000:c3:00.0: [drm] *ERROR* dpcd_set_link_settings:1127: core_link_write_dpcd (DP_LANE_COUNT_SET) failed
Jul 30 09:42:51 amo kernel: amdgpu 0000:c3:00.0: [drm] *ERROR* dpcd_set_link_settings:1155: core_link_write_dpcd (DP_LINK_BW_SET) failed
Jul 30 09:42:52 amo kernel: amdgpu 0000:c3:00.0: [drm] *ERROR* dpcd_set_link_settings:1122: core_link_write_dpcd (DP_DOWNSPREAD_CTRL) failed
Jul 30 09:42:52 amo kernel: amdgpu 0000:c3:00.0: [drm] *ERROR* dpcd_set_link_settings:1127: core_link_write_dpcd (DP_LANE_COUNT_SET) failed
Jul 30 09:42:52 amo kernel: amdgpu 0000:c3:00.0: [drm] *ERROR* dpcd_set_link_settings:1155: core_link_write_dpcd (DP_LINK_BW_SET) failed
Jul 30 09:42:53 amo kernel: amdgpu 0000:c3:00.0: [drm] *ERROR* dpcd_set_link_settings:1122: core_link_write_dpcd (DP_DOWNSPREAD_CTRL) failed
Jul 30 09:42:53 amo kernel: amdgpu 0000:c3:00.0: [drm] *ERROR* dpcd_set_link_settings:1127: core_link_write_dpcd (DP_LANE_COUNT_SET) failed
Jul 30 09:42:53 amo kernel: amdgpu 0000:c3:00.0: [drm] *ERROR* dpcd_set_link_settings:1155: core_link_write_dpcd (DP_LINK_BW_SET) failed
Jul 30 10:43:00 amo kernel: ucsi_acpi USBC000:00: ucsi_handle_connector_change: GET_CONNECTOR_STATUS failed (-110)
Jul 30 23:32:12 amo kernel: i2c_hid_acpi i2c-ELAN0676:00: i2c_hid_get_input: incomplete report (31/65280)
Jul 31 09:56:20 amo kernel: amdgpu 0000:c3:00.0: [drm] *ERROR* dc_dmub_srv_log_diagnostic_data: DMCUB error - collecting diagnostic data
Jul 31 09:56:20 amo kernel: amdgpu 0000:c3:00.0: [drm] *ERROR* dc_dmub_srv_log_diagnostic_data: DMCUB error - collecting diagnostic data
Jul 31 09:56:21 amo kernel: amdgpu 0000:c3:00.0: [drm] *ERROR* dc_dmub_srv_log_diagnostic_data: DMCUB error - collecting diagnostic data
Jul 31 09:56:31 amo kernel: amdgpu 0000:c3:00.0: [drm] *ERROR* [CRTC:364:crtc-0] flip_done timed out
Jul 31 09:56:59 amo chronyd[1644]: NTS-KE session with 91.189.91.111:4460 (ntp-bootstrap.ubuntu.com) timed out
Jul 31 09:56:59 amo chronyd[1644]: NTS-KE session with 91.189.91.113:4460 (4.ntp.ubuntu.com) timed out
Jul 31 09:57:00 amo chronyd[1644]: NTS-KE session with 185.125.190.122:4460 (1.ntp.ubuntu.com) timed out
Jul 31 09:57:01 amo chronyd[1644]: NTS-KE session with 185.125.190.123:4460 (2.ntp.ubuntu.com) timed out
Jul 31 09:57:01 amo chronyd[1644]: NTS-KE session with 91.189.91.112:4460 (3.ntp.ubuntu.com) timed out
Jul 31 09:59:20 amo kernel: amdgpu 0000:c3:00.0: [drm] *ERROR* flip_done timed out
Jul 31 09:59:20 amo kernel: amdgpu 0000:c3:00.0: [drm] *ERROR* [CRTC:364:crtc-0] commit wait timed out
Jul 31 09:59:30 amo kernel: amdgpu 0000:c3:00.0: [drm] *ERROR* flip_done timed out
Jul 31 09:59:30 amo kernel: amdgpu 0000:c3:00.0: [drm] *ERROR* [PLANE:202:plane-3] commit wait timed out
Jul 31 09:59:31 amo kernel: amdgpu 0000:c3:00.0: [drm] *ERROR* dc_dmub_srv_log_diagnostic_data: DMCUB error - collecting diagnostic data
Jul 31 09:59:31 amo kernel: amdgpu 0000:c3:00.0: [drm] *ERROR* dc_dmub_srv_log_diagnostic_data: DMCUB error - collecting diagnostic data
Jul 31 09:59:31 amo kernel: amdgpu 0000:c3:00.0: [drm] *ERROR* dc_dmub_srv_log_diagnostic_data: DMCUB error - collecting diagnostic data
Jul 31 09:59:31 amo kernel: amdgpu 0000:c3:00.0: [drm] *ERROR* dc_dmub_srv_log_diagnostic_data: DMCUB error - collecting diagnostic data
Jul 31 09:59:32 amo kernel: amdgpu 0000:c3:00.0: [drm] *ERROR* dc_dmub_srv_log_diagnostic_data: DMCUB error - collecting diagnostic data
Jul 31 09:59:32 amo kernel: amdgpu 0000:c3:00.0: [drm] *ERROR* dc_dmub_srv_log_diagnostic_data: DMCUB error - collecting diagnostic data
Jul 31 09:59:32 amo kernel: amdgpu 0000:c3:00.0: [drm] *ERROR* dc_dmub_srv_log_diagnostic_data: DMCUB error - collecting diagnostic data
Jul 31 09:59:32 amo kernel: amdgpu 0000:c3:00.0: [drm] *ERROR* dc_dmub_srv_log_diagnostic_data: DMCUB error - collecting diagnostic data
Jul 31 09:59:33 amo kernel: amdgpu 0000:c3:00.0: [drm] *ERROR* dc_dmub_srv_log_diagnostic_data: DMCUB error - collecting diagnostic data
Jul 31 09:59:34 amo kernel: amdgpu 0000:c3:00.0: [drm] *ERROR* dc_dmub_srv_log_diagnostic_data: DMCUB error - collecting diagnostic data
Jul 31 09:59:34 amo kernel: amdgpu 0000:c3:00.0: [drm] *ERROR* dc_dmub_srv_log_diagnostic_data: DMCUB error - collecting diagnostic data
Jul 31 09:59:34 amo kernel: amdgpu 0000:c3:00.0: [drm] *ERROR* dc_dmub_srv_log_diagnostic_data: DMCUB error - collecting diagnostic data
Jul 31 09:59:34 amo kernel: amdgpu 0000:c3:00.0: [drm] *ERROR* dc_dmub_srv_log_diagnostic_data: DMCUB error - collecting diagnostic data
Jul 31 09:59:35 amo kernel: amdgpu 0000:c3:00.0: [drm] *ERROR* dc_dmub_srv_log_diagnostic_data: DMCUB error - collecting diagnostic data
Jul 31 09:59:35 amo kernel: amdgpu 0000:c3:00.0: [drm] *ERROR* dc_dmub_srv_log_diagnostic_data: DMCUB error - collecting diagnostic data
Jul 31 09:59:35 amo kernel: amdgpu 0000:c3:00.0: [drm] *ERROR* dc_dmub_srv_log_diagnostic_data: DMCUB error - collecting diagnostic data
Jul 31 09:59:35 amo kernel: amdgpu 0000:c3:00.0: [drm] *ERROR* dc_dmub_srv_log_diagnostic_data: DMCUB error - collecting diagnostic data
Jul 31 09:59:36 amo kernel: amdgpu 0000:c3:00.0: [drm] *ERROR* dc_dmub_srv_log_diagnostic_data: DMCUB error - collecting diagnostic data
Jul 31 09:59:36 amo kernel: amdgpu 0000:c3:00.0: [drm] *ERROR* dc_dmub_srv_log_diagnostic_data: DMCUB error - collecting diagnostic data
Jul 31 09:59:36 amo kernel: amdgpu 0000:c3:00.0: [drm] *ERROR* dc_dmub_srv_log_diagnostic_data: DMCUB error - collecting diagnostic data
Jul 31 09:59:36 amo kernel: amdgpu 0000:c3:00.0: [drm] *ERROR* dc_dmub_srv_log_diagnostic_data: DMCUB error - collecting diagnostic data
Jul 31 09:59:37 amo kernel: amdgpu 0000:c3:00.0: [drm] *ERROR* dc_dmub_srv_log_diagnostic_data: DMCUB error - collecting diagnostic data
Jul 31 09:59:37 amo kernel: amdgpu 0000:c3:00.0: [drm] *ERROR* dc_dmub_srv_log_diagnostic_data: DMCUB error - collecting diagnostic data
Jul 31 09:59:37 amo kernel: amdgpu 0000:c3:00.0: [drm] *ERROR* dc_dmub_srv_log_diagnostic_data: DMCUB error - collecting diagnostic data
Jul 31 09:59:37 amo kernel: amdgpu 0000:c3:00.0: [drm] *ERROR* dc_dmub_srv_log_diagnostic_data: DMCUB error - collecting diagnostic data
Jul 31 09:59:38 amo kernel: amdgpu 0000:c3:00.0: [drm] *ERROR* dc_dmub_srv_log_diagnostic_data: DMCUB error - collecting diagnostic data
Jul 31 09:59:38 amo kernel: amdgpu 0000:c3:00.0: [drm] *ERROR* dc_dmub_srv_log_diagnostic_data: DMCUB error - collecting diagnostic data
Jul 31 09:59:38 amo kernel: amdgpu 0000:c3:00.0: [drm] *ERROR* dc_dmub_srv_log_diagnostic_data: DMCUB error - collecting diagnostic data
Jul 31 09:59:39 amo kernel: amdgpu 0000:c3:00.0: [drm] *ERROR* dc_dmub_srv_log_diagnostic_data: DMCUB error - collecting diagnostic data
Jul 31 09:59:39 amo kernel: amdgpu 0000:c3:00.0: [drm] *ERROR* dc_dmub_srv_log_diagnostic_data: DMCUB error - collecting diagnostic data
Jul 31 09:59:39 amo kernel: amdgpu 0000:c3:00.0: [drm] *ERROR* dc_dmub_srv_log_diagnostic_data: DMCUB error - collecting diagnostic data
Jul 31 09:59:40 amo kernel: amdgpu 0000:c3:00.0: [drm] *ERROR* dc_dmub_srv_log_diagnostic_data: DMCUB error - collecting diagnostic data
Jul 31 09:59:40 amo kernel: amdgpu 0000:c3:00.0: [drm] *ERROR* dc_dmub_srv_log_diagnostic_data: DMCUB error - collecting diagnostic data
Jul 31 09:59:40 amo kernel: amdgpu 0000:c3:00.0: [drm] *ERROR* dc_dmub_srv_log_diagnostic_data: DMCUB error - collecting diagnostic data
Jul 31 09:59:41 amo kernel: amdgpu 0000:c3:00.0: [drm] *ERROR* dc_dmub_srv_log_diagnostic_data: DMCUB error - collecting diagnostic data
Jul 31 09:59:41 amo kernel: amdgpu 0000:c3:00.0: [drm] *ERROR* dc_dmub_srv_log_diagnostic_data: DMCUB error - collecting diagnostic data
Jul 31 09:59:41 amo kernel: amdgpu 0000:c3:00.0: [drm] *ERROR* dc_dmub_srv_log_diagnostic_data: DMCUB error - collecting diagnostic data
Jul 31 09:59:41 amo kernel: amdgpu 0000:c3:00.0: [drm] *ERROR* dc_dmub_srv_log_diagnostic_data: DMCUB error - collecting diagnostic data
Jul 31 09:59:42 amo kernel: amdgpu 0000:c3:00.0: [drm] *ERROR* dc_dmub_srv_log_diagnostic_data: DMCUB error - collecting diagnostic data
Jul 31 09:59:42 amo kernel: amdgpu 0000:c3:00.0: [drm] *ERROR* dc_dmub_srv_log_diagnostic_data: DMCUB error - collecting diagnostic data
Jul 31 09:59:42 amo kernel: amdgpu 0000:c3:00.0: [drm] *ERROR* dc_dmub_srv_log_diagnostic_data: DMCUB error - collecting diagnostic data
Jul 31 09:59:42 amo kernel: amdgpu 0000:c3:00.0: [drm] *ERROR* dc_dmub_srv_log_diagnostic_data: DMCUB error - collecting diagnostic data
Jul 31 09:59:43 amo kernel: amdgpu 0000:c3:00.0: [drm] *ERROR* dc_dmub_srv_log_diagnostic_data: DMCUB error - collecting diagnostic data
Jul 31 09:59:43 amo kernel: amdgpu 0000:c3:00.0: [drm] *ERROR* dc_dmub_srv_log_diagnostic_data: DMCUB error - collecting diagnostic data
Jul 31 09:59:43 amo kernel: amdgpu 0000:c3:00.0: [drm] *ERROR* dc_dmub_srv_log_diagnostic_data: DMCUB error - collecting diagnostic data
Jul 31 09:59:43 amo kernel: amdgpu 0000:c3:00.0: [drm] *ERROR* dc_dmub_srv_log_diagnostic_data: DMCUB error - collecting diagnostic data
Jul 31 09:59:44 amo kernel: amdgpu 0000:c3:00.0: [drm] *ERROR* dc_dmub_srv_log_diagnostic_data: DMCUB error - collecting diagnostic data
Jul 31 09:59:44 amo kernel: amdgpu 0000:c3:00.0: [drm] *ERROR* dc_dmub_srv_log_diagnostic_data: DMCUB error - collecting diagnostic data
Jul 31 09:59:44 amo kernel: amdgpu 0000:c3:00.0: [drm] *ERROR* dc_dmub_srv_log_diagnostic_data: DMCUB error - collecting diagnostic data
Jul 31 09:59:44 amo kernel: amdgpu 0000:c3:00.0: [drm] *ERROR* dc_dmub_srv_log_diagnostic_data: DMCUB error - collecting diagnostic data
Jul 31 09:59:45 amo kernel: amdgpu 0000:c3:00.0: [drm] *ERROR* dc_dmub_srv_log_diagnostic_data: DMCUB error - collecting diagnostic data
Jul 31 09:59:45 amo kernel: amdgpu 0000:c3:00.0: [drm] *ERROR* dc_dmub_srv_log_diagnostic_data: DMCUB error - collecting diagnostic data
Jul 31 09:59:45 amo kernel: amdgpu 0000:c3:00.0: [drm] *ERROR* dc_dmub_srv_log_diagnostic_data: DMCUB error - collecting diagnostic data
Jul 31 09:59:45 amo kernel: amdgpu 0000:c3:00.0: [drm] *ERROR* dc_dmub_srv_log_diagnostic_data: DMCUB error - collecting diagnostic data
Jul 31 09:59:56 amo kernel: amdgpu 0000:c3:00.0: [drm] *ERROR* [CRTC:364:crtc-0] flip_done timed out
Jul 31 10:00:06 amo kernel: amdgpu 0000:c3:00.0: [drm] *ERROR* flip_done timed out
Jul 31 10:00:06 amo kernel: amdgpu 0000:c3:00.0: [drm] *ERROR* [CRTC:364:crtc-0] commit wait timed out
Jul 31 10:00:16 amo kernel: amdgpu 0000:c3:00.0: [drm] *ERROR* flip_done timed out
Jul 31 10:00:16 amo kernel: amdgpu 0000:c3:00.0: [drm] *ERROR* [PLANE:202:plane-3] commit wait timed out
Jul 31 10:00:16 amo kernel: amdgpu 0000:c3:00.0: [drm] *ERROR* dc_dmub_srv_log_diagnostic_data: DMCUB error - collecting diagnostic data
Jul 31 10:00:17 amo kernel: amdgpu 0000:c3:00.0: [drm] *ERROR* dc_dmub_srv_log_diagnostic_data: DMCUB error - collecting diagnostic data
Jul 31 10:00:17 amo kernel: amdgpu 0000:c3:00.0: [drm] *ERROR* dc_dmub_srv_log_diagnostic_data: DMCUB error - collecting diagnostic data
Jul 31 10:00:17 amo kernel: amdgpu 0000:c3:00.0: [drm] *ERROR* dc_dmub_srv_log_diagnostic_data: DMCUB error - collecting diagnostic data
Jul 31 10:00:18 amo kernel: amdgpu 0000:c3:00.0: [drm] *ERROR* dc_dmub_srv_log_diagnostic_data: DMCUB error - collecting diagnostic data
Jul 31 10:00:18 amo kernel: amdgpu 0000:c3:00.0: [drm] *ERROR* dc_dmub_srv_log_diagnostic_data: DMCUB error - collecting diagnostic data
Jul 31 10:00:18 amo kernel: amdgpu 0000:c3:00.0: [drm] *ERROR* dc_dmub_srv_log_diagnostic_data: DMCUB error - collecting diagnostic data
Jul 31 10:00:19 amo kernel: amdgpu 0000:c3:00.0: [drm] *ERROR* dc_dmub_srv_log_diagnostic_data: DMCUB error - collecting diagnostic data
Jul 31 10:00:19 amo kernel: amdgpu 0000:c3:00.0: [drm] *ERROR* dc_dmub_srv_log_diagnostic_data: DMCUB error - collecting diagnostic data
Jul 31 10:00:19 amo kernel: amdgpu 0000:c3:00.0: [drm] *ERROR* dc_dmub_srv_log_diagnostic_data: DMCUB error - collecting diagnostic data
Jul 31 10:00:19 amo kernel: amdgpu 0000:c3:00.0: [drm] *ERROR* dc_dmub_srv_log_diagnostic_data: DMCUB error - collecting diagnostic data
Jul 31 10:00:20 amo kernel: amdgpu 0000:c3:00.0: [drm] *ERROR* dc_dmub_srv_log_diagnostic_data: DMCUB error - collecting diagnostic data
Jul 31 10:00:20 amo kernel: amdgpu 0000:c3:00.0: [drm] *ERROR* dc_dmub_srv_log_diagnostic_data: DMCUB error - collecting diagnostic data
Jul 31 10:00:20 amo kernel: amdgpu 0000:c3:00.0: [drm] *ERROR* dc_dmub_srv_log_diagnostic_data: DMCUB error - collecting diagnostic data
Jul 31 10:00:21 amo kernel: amdgpu 0000:c3:00.0: [drm] *ERROR* dc_dmub_srv_log_diagnostic_data: DMCUB error - collecting diagnostic data
Jul 31 10:00:21 amo kernel: amdgpu 0000:c3:00.0: [drm] *ERROR* dc_dmub_srv_log_diagnostic_data: DMCUB error - collecting diagnostic data
Jul 31 10:00:21 amo kernel: amdgpu 0000:c3:00.0: [drm] *ERROR* dc_dmub_srv_log_diagnostic_data: DMCUB error - collecting diagnostic data
Jul 31 10:00:31 amo kernel: amdgpu 0000:c3:00.0: [drm] *ERROR* [CRTC:364:crtc-0] flip_done timed out
Jul 31 10:00:42 amo kernel: amdgpu 0000:c3:00.0: [drm] *ERROR* flip_done timed out
Jul 31 10:00:42 amo kernel: amdgpu 0000:c3:00.0: [drm] *ERROR* [CRTC:364:crtc-0] commit wait timed out
Jul 31 10:00:52 amo kernel: amdgpu 0000:c3:00.0: [drm] *ERROR* flip_done timed out
Jul 31 10:00:52 amo kernel: amdgpu 0000:c3:00.0: [drm] *ERROR* [PLANE:202:plane-3] commit wait timed out
Jul 31 10:00:52 amo kernel: amdgpu 0000:c3:00.0: [drm] *ERROR* dc_dmub_srv_log_diagnostic_data: DMCUB error - collecting diagnostic data
Jul 31 10:00:53 amo kernel: amdgpu 0000:c3:00.0: [drm] *ERROR* dc_dmub_srv_log_diagnostic_data: DMCUB error - collecting diagnostic data
Jul 31 10:00:53 amo kernel: amdgpu 0000:c3:00.0: [drm] *ERROR* dc_dmub_srv_log_diagnostic_data: DMCUB error - collecting diagnostic data
Jul 31 10:00:53 amo kernel: amdgpu 0000:c3:00.0: [drm] *ERROR* dc_dmub_srv_log_diagnostic_data: DMCUB error - collecting diagnostic data
Jul 31 10:00:53 amo kernel: amdgpu 0000:c3:00.0: [drm] *ERROR* dc_dmub_srv_log_diagnostic_data: DMCUB error - collecting diagnostic data
Jul 31 10:00:54 amo kernel: amdgpu 0000:c3:00.0: [drm] *ERROR* dc_dmub_srv_log_diagnostic_data: DMCUB error - collecting diagnostic data
Jul 31 10:00:54 amo kernel: amdgpu 0000:c3:00.0: [drm] *ERROR* dc_dmub_srv_log_diagnostic_data: DMCUB error - collecting diagnostic data
Jul 31 10:00:54 amo kernel: amdgpu 0000:c3:00.0: [drm] *ERROR* dc_dmub_srv_log_diagnostic_data: DMCUB error - collecting diagnostic data
Jul 31 10:00:55 amo kernel: amdgpu 0000:c3:00.0: [drm] *ERROR* dc_dmub_srv_log_diagnostic_data: DMCUB error - collecting diagnostic data
Jul 31 10:00:55 amo kernel: amdgpu 0000:c3:00.0: [drm] *ERROR* dc_dmub_srv_log_diagnostic_data: DMCUB error - collecting diagnostic data
Jul 31 10:00:55 amo kernel: amdgpu 0000:c3:00.0: [drm] *ERROR* dc_dmub_srv_log_diagnostic_data: DMCUB error - collecting diagnostic data
Jul 31 10:00:56 amo kernel: amdgpu 0000:c3:00.0: [drm] *ERROR* dc_dmub_srv_log_diagnostic_data: DMCUB error - collecting diagnostic data
Jul 31 10:00:56 amo kernel: amdgpu 0000:c3:00.0: [drm] *ERROR* dc_dmub_srv_log_diagnostic_data: DMCUB error - collecting diagnostic data
Jul 31 10:00:56 amo kernel: amdgpu 0000:c3:00.0: [drm] *ERROR* dc_dmub_srv_log_diagnostic_data: DMCUB error - collecting diagnostic data
Jul 31 10:00:56 amo kernel: amdgpu 0000:c3:00.0: [drm] *ERROR* dc_dmub_srv_log_diagnostic_data: DMCUB error - collecting diagnostic data
Jul 31 10:00:57 amo kernel: amdgpu 0000:c3:00.0: [drm] *ERROR* dc_dmub_srv_log_diagnostic_data: DMCUB error - collecting diagnostic data
Jul 31 10:00:57 amo kernel: amdgpu 0000:c3:00.0: [drm] *ERROR* dc_dmub_srv_log_diagnostic_data: DMCUB error - collecting diagnostic data
Jul 31 10:01:07 amo kernel: amdgpu 0000:c3:00.0: [drm] *ERROR* [CRTC:364:crtc-0] flip_done timed out
Jul 31 10:01:17 amo chronyd[1644]: NTS-KE session with 185.125.190.122:4460 (1.ntp.ubuntu.com) timed out
Jul 31 10:01:17 amo chronyd[1644]: NTS-KE session with 91.189.91.113:4460 (4.ntp.ubuntu.com) timed out
Jul 31 10:01:17 amo chronyd[1644]: NTS-KE session with 91.189.91.111:4460 (ntp-bootstrap.ubuntu.com) timed out
Jul 31 10:01:17 amo kernel: amdgpu 0000:c3:00.0: [drm] *ERROR* flip_done timed out
Jul 31 10:01:17 amo kernel: amdgpu 0000:c3:00.0: [drm] *ERROR* [CRTC:364:crtc-0] commit wait timed out
Jul 31 10:01:18 amo chronyd[1644]: NTS-KE session with 91.189.91.112:4460 (3.ntp.ubuntu.com) timed out
Jul 31 10:01:20 amo chronyd[1644]: NTS-KE session with 185.125.190.123:4460 (2.ntp.ubuntu.com) timed out
Jul 31 10:01:28 amo kernel: amdgpu 0000:c3:00.0: [drm] *ERROR* flip_done timed out
Jul 31 10:01:28 amo kernel: amdgpu 0000:c3:00.0: [drm] *ERROR* [PLANE:202:plane-3] commit wait timed out
Jul 31 10:01:28 amo kernel: amdgpu 0000:c3:00.0: [drm] *ERROR* dc_dmub_srv_log_diagnostic_data: DMCUB error - collecting diagnostic data
Jul 31 10:01:28 amo kernel: amdgpu 0000:c3:00.0: [drm] *ERROR* dc_dmub_srv_log_diagnostic_data: DMCUB error - collecting diagnostic data
Jul 31 10:01:29 amo kernel: amdgpu 0000:c3:00.0: [drm] *ERROR* dc_dmub_srv_log_diagnostic_data: DMCUB error - collecting diagnostic data
Jul 31 10:01:29 amo kernel: amdgpu 0000:c3:00.0: [drm] *ERROR* dc_dmub_srv_log_diagnostic_data: DMCUB error - collecting diagnostic data
Jul 31 10:01:29 amo kernel: amdgpu 0000:c3:00.0: [drm] *ERROR* dc_dmub_srv_log_diagnostic_data: DMCUB error - collecting diagnostic data
Jul 31 10:01:30 amo kernel: amdgpu 0000:c3:00.0: [drm] *ERROR* dc_dmub_srv_log_diagnostic_data: DMCUB error - collecting diagnostic data
Jul 31 10:01:30 amo kernel: amdgpu 0000:c3:00.0: [drm] *ERROR* dc_dmub_srv_log_diagnostic_data: DMCUB error - collecting diagnostic data
Jul 31 10:01:30 amo kernel: amdgpu 0000:c3:00.0: [drm] *ERROR* dc_dmub_srv_log_diagnostic_data: DMCUB error - collecting diagnostic data
Jul 31 10:01:30 amo kernel: amdgpu 0000:c3:00.0: [drm] *ERROR* dc_dmub_srv_log_diagnostic_data: DMCUB error - collecting diagnostic data
Jul 31 10:01:31 amo kernel: amdgpu 0000:c3:00.0: [drm] *ERROR* dc_dmub_srv_log_diagnostic_data: DMCUB error - collecting diagnostic data
Jul 31 10:01:31 amo kernel: amdgpu 0000:c3:00.0: [drm] *ERROR* dc_dmub_srv_log_diagnostic_data: DMCUB error - collecting diagnostic data
Jul 31 10:01:31 amo kernel: amdgpu 0000:c3:00.0: [drm] *ERROR* dc_dmub_srv_log_diagnostic_data: DMCUB error - collecting diagnostic data
Jul 31 10:01:32 amo kernel: amdgpu 0000:c3:00.0: [drm] *ERROR* dc_dmub_srv_log_diagnostic_data: DMCUB error - collecting diagnostic data
Jul 31 10:01:32 amo kernel: amdgpu 0000:c3:00.0: [drm] *ERROR* dc_dmub_srv_log_diagnostic_data: DMCUB error - collecting diagnostic data
Jul 31 10:01:32 amo kernel: amdgpu 0000:c3:00.0: [drm] *ERROR* dc_dmub_srv_log_diagnostic_data: DMCUB error - collecting diagnostic data
Jul 31 10:01:33 amo kernel: amdgpu 0000:c3:00.0: [drm] *ERROR* dc_dmub_srv_log_diagnostic_data: DMCUB error - collecting diagnostic data
Jul 31 10:01:33 amo kernel: amdgpu 0000:c3:00.0: [drm] *ERROR* dc_dmub_srv_log_diagnostic_data: DMCUB error - collecting diagnostic data
Jul 31 10:01:43 amo kernel: amdgpu 0000:c3:00.0: [drm] *ERROR* [CRTC:364:crtc-0] flip_done timed out
Jul 31 10:01:53 amo kernel: amdgpu 0000:c3:00.0: [drm] *ERROR* flip_done timed out
Jul 31 10:01:53 amo kernel: amdgpu 0000:c3:00.0: [drm] *ERROR* [CRTC:364:crtc-0] commit wait timed out
Jul 31 10:02:04 amo kernel: amdgpu 0000:c3:00.0: [drm] *ERROR* flip_done timed out
Jul 31 10:02:04 amo kernel: amdgpu 0000:c3:00.0: [drm] *ERROR* [PLANE:202:plane-3] commit wait timed out
Jul 31 10:02:04 amo kernel: amdgpu 0000:c3:00.0: [drm] *ERROR* dc_dmub_srv_log_diagnostic_data: DMCUB error - collecting diagnostic data
Jul 31 10:02:04 amo kernel: amdgpu 0000:c3:00.0: [drm] *ERROR* dc_dmub_srv_log_diagnostic_data: DMCUB error - collecting diagnostic data
Jul 31 10:02:04 amo kernel: amdgpu 0000:c3:00.0: [drm] *ERROR* dc_dmub_srv_log_diagnostic_data: DMCUB error - collecting diagnostic data
Jul 31 10:02:05 amo kernel: amdgpu 0000:c3:00.0: [drm] *ERROR* dc_dmub_srv_log_diagnostic_data: DMCUB error - collecting diagnostic data
Jul 31 10:02:05 amo kernel: amdgpu 0000:c3:00.0: [drm] *ERROR* dc_dmub_srv_log_diagnostic_data: DMCUB error - collecting diagnostic data
Jul 31 10:02:05 amo kernel: amdgpu 0000:c3:00.0: [drm] *ERROR* dc_dmub_srv_log_diagnostic_data: DMCUB error - collecting diagnostic data
Jul 31 10:02:06 amo kernel: amdgpu 0000:c3:00.0: [drm] *ERROR* dc_dmub_srv_log_diagnostic_data: DMCUB error - collecting diagnostic data
Jul 31 10:02:06 amo kernel: amdgpu 0000:c3:00.0: [drm] *ERROR* dc_dmub_srv_log_diagnostic_data: DMCUB error - collecting diagnostic data
Jul 31 10:02:06 amo kernel: amdgpu 0000:c3:00.0: [drm] *ERROR* dc_dmub_srv_log_diagnostic_data: DMCUB error - collecting diagnostic data
Jul 31 10:02:07 amo kernel: amdgpu 0000:c3:00.0: [drm] *ERROR* dc_dmub_srv_log_diagnostic_data: DMCUB error - collecting diagnostic data
Jul 31 10:02:07 amo kernel: amdgpu 0000:c3:00.0: [drm] *ERROR* dc_dmub_srv_log_diagnostic_data: DMCUB error - collecting diagnostic data
Jul 31 10:02:07 amo kernel: amdgpu 0000:c3:00.0: [drm] *ERROR* dc_dmub_srv_log_diagnostic_data: DMCUB error - collecting diagnostic data
Jul 31 10:02:08 amo kernel: amdgpu 0000:c3:00.0: [drm] *ERROR* dc_dmub_srv_log_diagnostic_data: DMCUB error - collecting diagnostic data
Jul 31 10:02:08 amo kernel: amdgpu 0000:c3:00.0: [drm] *ERROR* dc_dmub_srv_log_diagnostic_data: DMCUB error - collecting diagnostic data
Jul 31 10:02:08 amo kernel: amdgpu 0000:c3:00.0: [drm] *ERROR* Error queueing DMUB command: status=2
Jul 31 10:02:08 amo kernel: amdgpu 0000:c3:00.0: [drm] *ERROR* dc_dmub_srv_log_diagnostic_data: DMCUB error - collecting diagnostic data
Jul 31 10:02:08 amo kernel: amdgpu 0000:c3:00.0: [drm] *ERROR* Error queueing DMUB command: status=2
Jul 31 10:02:08 amo kernel: amdgpu 0000:c3:00.0: [drm] *ERROR* dc_dmub_srv_log_diagnostic_data: DMCUB error - collecting diagnostic data
Jul 31 10:02:09 amo kernel: amdgpu 0000:c3:00.0: [drm] *ERROR* Error queueing DMUB command: status=2
Jul 31 10:02:09 amo kernel: amdgpu 0000:c3:00.0: [drm] *ERROR* dc_dmub_srv_log_diagnostic_data: DMCUB error - collecting diagnostic data
Jul 31 10:02:19 amo kernel: amdgpu 0000:c3:00.0: [drm] *ERROR* [CRTC:364:crtc-0] flip_done timed out
Jul 31 10:02:29 amo kernel: amdgpu 0000:c3:00.0: [drm] *ERROR* flip_done timed out
Jul 31 10:02:29 amo kernel: amdgpu 0000:c3:00.0: [drm] *ERROR* [CRTC:364:crtc-0] commit wait timed out
Jul 31 10:02:39 amo kernel: amdgpu 0000:c3:00.0: [drm] *ERROR* flip_done timed out
Jul 31 10:02:39 amo kernel: amdgpu 0000:c3:00.0: [drm] *ERROR* [PLANE:202:plane-3] commit wait timed out
Jul 31 10:02:40 amo kernel: amdgpu 0000:c3:00.0: [drm] *ERROR* Error queueing DMUB command: status=2
Jul 31 10:02:40 amo kernel: amdgpu 0000:c3:00.0: [drm] *ERROR* dc_dmub_srv_log_diagnostic_data: DMCUB error - collecting diagnostic data
Jul 31 10:02:40 amo kernel: amdgpu 0000:c3:00.0: [drm] *ERROR* Error queueing DMUB command: status=2
Jul 31 10:02:40 amo kernel: amdgpu 0000:c3:00.0: [drm] *ERROR* dc_dmub_srv_log_diagnostic_data: DMCUB error - collecting diagnostic data
Jul 31 10:02:40 amo kernel: amdgpu 0000:c3:00.0: [drm] *ERROR* Error queueing DMUB command: status=2
Jul 31 10:02:40 amo kernel: amdgpu 0000:c3:00.0: [drm] *ERROR* dc_dmub_srv_log_diagnostic_data: DMCUB error - collecting diagnostic data
Jul 31 10:02:41 amo kernel: amdgpu 0000:c3:00.0: [drm] *ERROR* Error queueing DMUB command: status=2
Jul 31 10:02:41 amo kernel: amdgpu 0000:c3:00.0: [drm] *ERROR* dc_dmub_srv_log_diagnostic_data: DMCUB error - collecting diagnostic data
Jul 31 10:02:41 amo kernel: amdgpu 0000:c3:00.0: [drm] *ERROR* Error queueing DMUB command: status=2
Jul 31 10:02:41 amo kernel: amdgpu 0000:c3:00.0: [drm] *ERROR* dc_dmub_srv_log_diagnostic_data: DMCUB error - collecting diagnostic data
Jul 31 10:02:41 amo kernel: amdgpu 0000:c3:00.0: [drm] *ERROR* Error queueing DMUB command: status=2
Jul 31 10:02:41 amo kernel: amdgpu 0000:c3:00.0: [drm] *ERROR* dc_dmub_srv_log_diagnostic_data: DMCUB error - collecting diagnostic data
Jul 31 10:02:42 amo kernel: amdgpu 0000:c3:00.0: [drm] *ERROR* Error queueing DMUB command: status=2
Jul 31 10:02:42 amo kernel: amdgpu 0000:c3:00.0: [drm] *ERROR* dc_dmub_srv_log_diagnostic_data: DMCUB error - collecting diagnostic data
Jul 31 10:02:42 amo kernel: amdgpu 0000:c3:00.0: [drm] *ERROR* Error queueing DMUB command: status=2
Jul 31 10:02:42 amo kernel: amdgpu 0000:c3:00.0: [drm] *ERROR* dc_dmub_srv_log_diagnostic_data: DMCUB error - collecting diagnostic data
Jul 31 10:02:42 amo kernel: amdgpu 0000:c3:00.0: [drm] *ERROR* Error queueing DMUB command: status=2
Jul 31 10:02:42 amo kernel: amdgpu 0000:c3:00.0: [drm] *ERROR* dc_dmub_srv_log_diagnostic_data: DMCUB error - collecting diagnostic data
Jul 31 10:02:42 amo kernel: amdgpu 0000:c3:00.0: [drm] *ERROR* Error queueing DMUB command: status=2
Jul 31 10:02:42 amo kernel: amdgpu 0000:c3:00.0: [drm] *ERROR* dc_dmub_srv_log_diagnostic_data: DMCUB error - collecting diagnostic data
Jul 31 10:02:43 amo kernel: amdgpu 0000:c3:00.0: [drm] *ERROR* Error queueing DMUB command: status=2
Jul 31 10:02:43 amo kernel: amdgpu 0000:c3:00.0: [drm] *ERROR* dc_dmub_srv_log_diagnostic_data: DMCUB error - collecting diagnostic data
Jul 31 10:02:43 amo kernel: amdgpu 0000:c3:00.0: [drm] *ERROR* Error queueing DMUB command: status=2
Jul 31 10:02:43 amo kernel: amdgpu 0000:c3:00.0: [drm] *ERROR* dc_dmub_srv_log_diagnostic_data: DMCUB error - collecting diagnostic data
Jul 31 10:02:43 amo kernel: amdgpu 0000:c3:00.0: [drm] *ERROR* Error queueing DMUB command: status=2
Jul 31 10:02:43 amo kernel: amdgpu 0000:c3:00.0: [drm] *ERROR* dc_dmub_srv_log_diagnostic_data: DMCUB error - collecting diagnostic data
Jul 31 10:02:44 amo kernel: amdgpu 0000:c3:00.0: [drm] *ERROR* Error queueing DMUB command: status=2
Jul 31 10:02:44 amo kernel: amdgpu 0000:c3:00.0: [drm] *ERROR* dc_dmub_srv_log_diagnostic_data: DMCUB error - collecting diagnostic data
Jul 31 10:02:44 amo kernel: amdgpu 0000:c3:00.0: [drm] *ERROR* Error queueing DMUB command: status=2
Jul 31 10:02:44 amo kernel: amdgpu 0000:c3:00.0: [drm] *ERROR* dc_dmub_srv_log_diagnostic_data: DMCUB error - collecting diagnostic data
Jul 31 10:02:44 amo kernel: amdgpu 0000:c3:00.0: [drm] *ERROR* Error queueing DMUB command: status=2
Jul 31 10:02:44 amo kernel: amdgpu 0000:c3:00.0: [drm] *ERROR* dc_dmub_srv_log_diagnostic_data: DMCUB error - collecting diagnostic data
Jul 31 10:02:44 amo kernel: amdgpu 0000:c3:00.0: [drm] *ERROR* Error queueing DMUB command: status=2
Jul 31 10:02:45 amo kernel: amdgpu 0000:c3:00.0: [drm] *ERROR* dc_dmub_srv_log_diagnostic_data: DMCUB error - collecting diagnostic data
Jul 31 10:02:45 amo kernel: amdgpu 0000:c3:00.0: [drm] *ERROR* Error queueing DMUB command: status=2
Jul 31 10:02:45 amo kernel: amdgpu 0000:c3:00.0: [drm] *ERROR* dc_dmub_srv_log_diagnostic_data: DMCUB error - collecting diagnostic data
Jul 31 10:02:55 amo kernel: amdgpu 0000:c3:00.0: [drm] *ERROR* [CRTC:364:crtc-0] flip_done timed out
Jul 31 10:03:05 amo kernel: amdgpu 0000:c3:00.0: [drm] *ERROR* flip_done timed out
Jul 31 10:03:05 amo kernel: amdgpu 0000:c3:00.0: [drm] *ERROR* [CRTC:364:crtc-0] commit wait timed out
Jul 31 10:03:15 amo kernel: amdgpu 0000:c3:00.0: [drm] *ERROR* flip_done timed out
Jul 31 10:03:15 amo kernel: amdgpu 0000:c3:00.0: [drm] *ERROR* [PLANE:202:plane-3] commit wait timed out
Jul 31 10:03:16 amo kernel: amdgpu 0000:c3:00.0: [drm] *ERROR* Error queueing DMUB command: status=2
Jul 31 10:03:16 amo kernel: amdgpu 0000:c3:00.0: [drm] *ERROR* dc_dmub_srv_log_diagnostic_data: DMCUB error - collecting diagnostic data
Jul 31 10:03:16 amo kernel: amdgpu 0000:c3:00.0: [drm] *ERROR* Error queueing DMUB command: status=2
Jul 31 10:03:16 amo kernel: amdgpu 0000:c3:00.0: [drm] *ERROR* dc_dmub_srv_log_diagnostic_data: DMCUB error - collecting diagnostic data
Jul 31 10:03:16 amo kernel: amdgpu 0000:c3:00.0: [drm] *ERROR* Error queueing DMUB command: status=2
Jul 31 10:03:16 amo kernel: amdgpu 0000:c3:00.0: [drm] *ERROR* dc_dmub_srv_log_diagnostic_data: DMCUB error - collecting diagnostic data
Jul 31 10:03:16 amo kernel: amdgpu 0000:c3:00.0: [drm] *ERROR* Error queueing DMUB command: status=2
Jul 31 10:03:16 amo kernel: amdgpu 0000:c3:00.0: [drm] *ERROR* dc_dmub_srv_log_diagnostic_data: DMCUB error - collecting diagnostic data
Jul 31 10:03:17 amo kernel: amdgpu 0000:c3:00.0: [drm] *ERROR* Error queueing DMUB command: status=2
Jul 31 10:03:17 amo kernel: amdgpu 0000:c3:00.0: [drm] *ERROR* dc_dmub_srv_log_diagnostic_data: DMCUB error - collecting diagnostic data
Jul 31 10:03:17 amo kernel: amdgpu 0000:c3:00.0: [drm] *ERROR* Error queueing DMUB command: status=2
Jul 31 10:03:17 amo kernel: amdgpu 0000:c3:00.0: [drm] *ERROR* dc_dmub_srv_log_diagnostic_data: DMCUB error - collecting diagnostic data
Jul 31 10:03:17 amo kernel: amdgpu 0000:c3:00.0: [drm] *ERROR* Error queueing DMUB command: status=2
Jul 31 10:03:17 amo kernel: amdgpu 0000:c3:00.0: [drm] *ERROR* dc_dmub_srv_log_diagnostic_data: DMCUB error - collecting diagnostic data
Jul 31 10:03:18 amo kernel: amdgpu 0000:c3:00.0: [drm] *ERROR* Error queueing DMUB command: status=2
Jul 31 10:03:18 amo kernel: amdgpu 0000:c3:00.0: [drm] *ERROR* dc_dmub_srv_log_diagnostic_data: DMCUB error - collecting diagnostic data
Jul 31 10:03:18 amo kernel: amdgpu 0000:c3:00.0: [drm] *ERROR* Error queueing DMUB command: status=2
Jul 31 10:03:18 amo kernel: amdgpu 0000:c3:00.0: [drm] *ERROR* dc_dmub_srv_log_diagnostic_data: DMCUB error - collecting diagnostic data
Jul 31 10:03:18 amo kernel: amdgpu 0000:c3:00.0: [drm] *ERROR* Error queueing DMUB command: status=2
Jul 31 10:03:18 amo kernel: amdgpu 0000:c3:00.0: [drm] *ERROR* dc_dmub_srv_log_diagnostic_data: DMCUB error - collecting diagnostic data
Jul 31 10:03:19 amo kernel: amdgpu 0000:c3:00.0: [drm] *ERROR* Error queueing DMUB command: status=2
Jul 31 10:03:19 amo kernel: amdgpu 0000:c3:00.0: [drm] *ERROR* dc_dmub_srv_log_diagnostic_data: DMCUB error - collecting diagnostic data
Jul 31 10:03:19 amo kernel: amdgpu 0000:c3:00.0: [drm] *ERROR* Error queueing DMUB command: status=2
Jul 31 10:03:19 amo kernel: amdgpu 0000:c3:00.0: [drm] *ERROR* dc_dmub_srv_log_diagnostic_data: DMCUB error - collecting diagnostic data
Jul 31 10:03:19 amo kernel: amdgpu 0000:c3:00.0: [drm] *ERROR* Error queueing DMUB command: status=2
Jul 31 10:03:19 amo kernel: amdgpu 0000:c3:00.0: [drm] *ERROR* dc_dmub_srv_log_diagnostic_data: DMCUB error - collecting diagnostic data
Jul 31 10:03:19 amo kernel: amdgpu 0000:c3:00.0: [drm] *ERROR* Error queueing DMUB command: status=2
Jul 31 10:03:19 amo kernel: amdgpu 0000:c3:00.0: [drm] *ERROR* dc_dmub_srv_log_diagnostic_data: DMCUB error - collecting diagnostic data
Jul 31 10:03:20 amo kernel: amdgpu 0000:c3:00.0: [drm] *ERROR* Error queueing DMUB command: status=2
Jul 31 10:03:20 amo kernel: amdgpu 0000:c3:00.0: [drm] *ERROR* dc_dmub_srv_log_diagnostic_data: DMCUB error - collecting diagnostic data
Jul 31 10:03:20 amo kernel: amdgpu 0000:c3:00.0: [drm] *ERROR* Error queueing DMUB command: status=2
Jul 31 10:03:20 amo kernel: amdgpu 0000:c3:00.0: [drm] *ERROR* dc_dmub_srv_log_diagnostic_data: DMCUB error - collecting diagnostic data
Jul 31 10:03:20 amo kernel: amdgpu 0000:c3:00.0: [drm] *ERROR* Error queueing DMUB command: status=2
Jul 31 10:03:20 amo kernel: amdgpu 0000:c3:00.0: [drm] *ERROR* dc_dmub_srv_log_diagnostic_data: DMCUB error - collecting diagnostic data
Jul 31 10:03:21 amo kernel: amdgpu 0000:c3:00.0: [drm] *ERROR* Error queueing DMUB command: status=2
Jul 31 10:03:21 amo kernel: amdgpu 0000:c3:00.0: [drm] *ERROR* dc_dmub_srv_log_diagnostic_data: DMCUB error - collecting diagnostic data
Jul 31 10:03:31 amo kernel: amdgpu 0000:c3:00.0: [drm] *ERROR* [CRTC:364:crtc-0] flip_done timed out
Jul 31 10:03:41 amo kernel: amdgpu 0000:c3:00.0: [drm] *ERROR* flip_done timed out
Jul 31 10:03:41 amo kernel: amdgpu 0000:c3:00.0: [drm] *ERROR* [CRTC:364:crtc-0] commit wait timed out
Jul 31 10:03:51 amo kernel: amdgpu 0000:c3:00.0: [drm] *ERROR* flip_done timed out
Jul 31 10:03:51 amo kernel: amdgpu 0000:c3:00.0: [drm] *ERROR* [PLANE:202:plane-3] commit wait timed out
Jul 31 10:03:51 amo kernel: amdgpu 0000:c3:00.0: [drm] *ERROR* Error queueing DMUB command: status=2
Jul 31 10:03:51 amo kernel: amdgpu 0000:c3:00.0: [drm] *ERROR* dc_dmub_srv_log_diagnostic_data: DMCUB error - collecting diagnostic data
Jul 31 10:03:52 amo kernel: amdgpu 0000:c3:00.0: [drm] *ERROR* Error queueing DMUB command: status=2
Jul 31 10:03:52 amo kernel: amdgpu 0000:c3:00.0: [drm] *ERROR* dc_dmub_srv_log_diagnostic_data: DMCUB error - collecting diagnostic data
Jul 31 10:03:52 amo kernel: amdgpu 0000:c3:00.0: [drm] *ERROR* Error queueing DMUB command: status=2
Jul 31 10:03:52 amo kernel: amdgpu 0000:c3:00.0: [drm] *ERROR* dc_dmub_srv_log_diagnostic_data: DMCUB error - collecting diagnostic data
Jul 31 10:03:52 amo kernel: amdgpu 0000:c3:00.0: [drm] *ERROR* Error queueing DMUB command: status=2
Jul 31 10:03:52 amo kernel: amdgpu 0000:c3:00.0: [drm] *ERROR* dc_dmub_srv_log_diagnostic_data: DMCUB error - collecting diagnostic data
Jul 31 10:03:53 amo kernel: amdgpu 0000:c3:00.0: [drm] *ERROR* Error queueing DMUB command: status=2
Jul 31 10:03:53 amo kernel: amdgpu 0000:c3:00.0: [drm] *ERROR* dc_dmub_srv_log_diagnostic_data: DMCUB error - collecting diagnostic data
Jul 31 10:03:53 amo kernel: amdgpu 0000:c3:00.0: [drm] *ERROR* Error queueing DMUB command: status=2
Jul 31 10:03:53 amo kernel: amdgpu 0000:c3:00.0: [drm] *ERROR* dc_dmub_srv_log_diagnostic_data: DMCUB error - collecting diagnostic data
Jul 31 10:03:53 amo kernel: amdgpu 0000:c3:00.0: [drm] *ERROR* Error queueing DMUB command: status=2
Jul 31 10:03:53 amo kernel: amdgpu 0000:c3:00.0: [drm] *ERROR* dc_dmub_srv_log_diagnostic_data: DMCUB error - collecting diagnostic data
Jul 31 10:03:54 amo kernel: amdgpu 0000:c3:00.0: [drm] *ERROR* Error queueing DMUB command: status=2
Jul 31 10:03:54 amo kernel: amdgpu 0000:c3:00.0: [drm] *ERROR* dc_dmub_srv_log_diagnostic_data: DMCUB error - collecting diagnostic data
Jul 31 10:03:54 amo kernel: amdgpu 0000:c3:00.0: [drm] *ERROR* Error queueing DMUB command: status=2
Jul 31 10:03:54 amo kernel: amdgpu 0000:c3:00.0: [drm] *ERROR* dc_dmub_srv_log_diagnostic_data: DMCUB error - collecting diagnostic data
Jul 31 10:03:54 amo kernel: amdgpu 0000:c3:00.0: [drm] *ERROR* Error queueing DMUB command: status=2
Jul 31 10:03:54 amo kernel: amdgpu 0000:c3:00.0: [drm] *ERROR* dc_dmub_srv_log_diagnostic_data: DMCUB error - collecting diagnostic data
Jul 31 10:03:54 amo kernel: amdgpu 0000:c3:00.0: [drm] *ERROR* Error queueing DMUB command: status=2
Jul 31 10:03:54 amo kernel: amdgpu 0000:c3:00.0: [drm] *ERROR* dc_dmub_srv_log_diagnostic_data: DMCUB error - collecting diagnostic data
Jul 31 10:03:55 amo kernel: amdgpu 0000:c3:00.0: [drm] *ERROR* Error queueing DMUB command: status=2
Jul 31 10:03:55 amo kernel: amdgpu 0000:c3:00.0: [drm] *ERROR* dc_dmub_srv_log_diagnostic_data: DMCUB error - collecting diagnostic data
Jul 31 10:03:55 amo kernel: amdgpu 0000:c3:00.0: [drm] *ERROR* Error queueing DMUB command: status=2
Jul 31 10:03:55 amo kernel: amdgpu 0000:c3:00.0: [drm] *ERROR* dc_dmub_srv_log_diagnostic_data: DMCUB error - collecting diagnostic data
Jul 31 10:03:55 amo kernel: amdgpu 0000:c3:00.0: [drm] *ERROR* Error queueing DMUB command: status=2
Jul 31 10:03:55 amo kernel: amdgpu 0000:c3:00.0: [drm] *ERROR* dc_dmub_srv_log_diagnostic_data: DMCUB error - collecting diagnostic data
Jul 31 10:03:56 amo kernel: amdgpu 0000:c3:00.0: [drm] *ERROR* Error queueing DMUB command: status=2
Jul 31 10:03:56 amo kernel: amdgpu 0000:c3:00.0: [drm] *ERROR* dc_dmub_srv_log_diagnostic_data: DMCUB error - collecting diagnostic data
Jul 31 10:03:56 amo kernel: amdgpu 0000:c3:00.0: [drm] *ERROR* Error queueing DMUB command: status=2
Jul 31 10:03:56 amo kernel: amdgpu 0000:c3:00.0: [drm] *ERROR* dc_dmub_srv_log_diagnostic_data: DMCUB error - collecting diagnostic data
Jul 31 10:03:56 amo kernel: amdgpu 0000:c3:00.0: [drm] *ERROR* Error queueing DMUB command: status=2
Jul 31 10:03:56 amo kernel: amdgpu 0000:c3:00.0: [drm] *ERROR* dc_dmub_srv_log_diagnostic_data: DMCUB error - collecting diagnostic data
Jul 31 10:03:56 amo kernel: amdgpu 0000:c3:00.0: [drm] *ERROR* Error queueing DMUB command: status=2
Jul 31 10:03:56 amo kernel: amdgpu 0000:c3:00.0: [drm] *ERROR* dc_dmub_srv_log_diagnostic_data: DMCUB error - collecting diagnostic data
Jul 31 10:04:06 amo kernel: amdgpu 0000:c3:00.0: [drm] *ERROR* [CRTC:364:crtc-0] flip_done timed out
Jul 31 10:04:17 amo kernel: amdgpu 0000:c3:00.0: [drm] *ERROR* flip_done timed out
Jul 31 10:04:17 amo kernel: amdgpu 0000:c3:00.0: [drm] *ERROR* [CRTC:364:crtc-0] commit wait timed out
Jul 31 10:04:27 amo kernel: amdgpu 0000:c3:00.0: [drm] *ERROR* flip_done timed out
Jul 31 10:04:27 amo kernel: amdgpu 0000:c3:00.0: [drm] *ERROR* [PLANE:202:plane-3] commit wait timed out
Jul 31 10:04:27 amo kernel: amdgpu 0000:c3:00.0: [drm] *ERROR* Error queueing DMUB command: status=2
Jul 31 10:04:27 amo kernel: amdgpu 0000:c3:00.0: [drm] *ERROR* dc_dmub_srv_log_diagnostic_data: DMCUB error - collecting diagnostic data
Jul 31 10:04:28 amo kernel: amdgpu 0000:c3:00.0: [drm] *ERROR* Error queueing DMUB command: status=2
Jul 31 10:04:28 amo kernel: amdgpu 0000:c3:00.0: [drm] *ERROR* dc_dmub_srv_log_diagnostic_data: DMCUB error - collecting diagnostic data
Jul 31 10:04:28 amo kernel: amdgpu 0000:c3:00.0: [drm] *ERROR* Error queueing DMUB command: status=2
Jul 31 10:04:28 amo kernel: amdgpu 0000:c3:00.0: [drm] *ERROR* dc_dmub_srv_log_diagnostic_data: DMCUB error - collecting diagnostic data
Jul 31 10:04:28 amo kernel: amdgpu 0000:c3:00.0: [drm] *ERROR* Error queueing DMUB command: status=2
Jul 31 10:04:28 amo kernel: amdgpu 0000:c3:00.0: [drm] *ERROR* dc_dmub_srv_log_diagnostic_data: DMCUB error - collecting diagnostic data
Jul 31 10:04:28 amo kernel: amdgpu 0000:c3:00.0: [drm] *ERROR* Error queueing DMUB command: status=2
Jul 31 10:04:28 amo kernel: amdgpu 0000:c3:00.0: [drm] *ERROR* dc_dmub_srv_log_diagnostic_data: DMCUB error - collecting diagnostic data
Jul 31 10:04:29 amo kernel: amdgpu 0000:c3:00.0: [drm] *ERROR* Error queueing DMUB command: status=2
Jul 31 10:04:29 amo kernel: amdgpu 0000:c3:00.0: [drm] *ERROR* dc_dmub_srv_log_diagnostic_data: DMCUB error - collecting diagnostic data
Jul 31 10:04:29 amo kernel: amdgpu 0000:c3:00.0: [drm] *ERROR* Error queueing DMUB command: status=2
Jul 31 10:04:29 amo kernel: amdgpu 0000:c3:00.0: [drm] *ERROR* dc_dmub_srv_log_diagnostic_data: DMCUB error - collecting diagnostic data
Jul 31 10:04:29 amo kernel: amdgpu 0000:c3:00.0: [drm] *ERROR* Error queueing DMUB command: status=2
Jul 31 10:04:29 amo kernel: amdgpu 0000:c3:00.0: [drm] *ERROR* dc_dmub_srv_log_diagnostic_data: DMCUB error - collecting diagnostic data
Jul 31 10:04:30 amo kernel: amdgpu 0000:c3:00.0: [drm] *ERROR* Error queueing DMUB command: status=2
Jul 31 10:04:30 amo kernel: amdgpu 0000:c3:00.0: [drm] *ERROR* dc_dmub_srv_log_diagnostic_data: DMCUB error - collecting diagnostic data
Jul 31 10:04:30 amo kernel: amdgpu 0000:c3:00.0: [drm] *ERROR* Error queueing DMUB command: status=2
Jul 31 10:04:30 amo kernel: amdgpu 0000:c3:00.0: [drm] *ERROR* dc_dmub_srv_log_diagnostic_data: DMCUB error - collecting diagnostic data
Jul 31 10:04:30 amo kernel: amdgpu 0000:c3:00.0: [drm] *ERROR* Error queueing DMUB command: status=2
Jul 31 10:04:30 amo kernel: amdgpu 0000:c3:00.0: [drm] *ERROR* dc_dmub_srv_log_diagnostic_data: DMCUB error - collecting diagnostic data
Jul 31 10:04:31 amo kernel: amdgpu 0000:c3:00.0: [drm] *ERROR* Error queueing DMUB command: status=2
Jul 31 10:04:31 amo kernel: amdgpu 0000:c3:00.0: [drm] *ERROR* dc_dmub_srv_log_diagnostic_data: DMCUB error - collecting diagnostic data
Jul 31 10:04:31 amo kernel: amdgpu 0000:c3:00.0: [drm] *ERROR* Error queueing DMUB command: status=2
Jul 31 10:04:31 amo kernel: amdgpu 0000:c3:00.0: [drm] *ERROR* dc_dmub_srv_log_diagnostic_data: DMCUB error - collecting diagnostic data
Jul 31 10:04:31 amo kernel: amdgpu 0000:c3:00.0: [drm] *ERROR* Error queueing DMUB command: status=2
Jul 31 10:04:31 amo kernel: amdgpu 0000:c3:00.0: [drm] *ERROR* dc_dmub_srv_log_diagnostic_data: DMCUB error - collecting diagnostic data
Jul 31 10:04:31 amo kernel: amdgpu 0000:c3:00.0: [drm] *ERROR* Error queueing DMUB command: status=2
Jul 31 10:04:31 amo kernel: amdgpu 0000:c3:00.0: [drm] *ERROR* dc_dmub_srv_log_diagnostic_data: DMCUB error - collecting diagnostic data
Jul 31 10:04:32 amo kernel: amdgpu 0000:c3:00.0: [drm] *ERROR* Error queueing DMUB command: status=2
Jul 31 10:04:32 amo kernel: amdgpu 0000:c3:00.0: [drm] *ERROR* dc_dmub_srv_log_diagnostic_data: DMCUB error - collecting diagnostic data
Jul 31 10:04:32 amo kernel: amdgpu 0000:c3:00.0: [drm] *ERROR* Error queueing DMUB command: status=2
Jul 31 10:04:32 amo kernel: amdgpu 0000:c3:00.0: [drm] *ERROR* dc_dmub_srv_log_diagnostic_data: DMCUB error - collecting diagnostic data
Jul 31 10:04:32 amo kernel: amdgpu 0000:c3:00.0: [drm] *ERROR* Error queueing DMUB command: status=2
Jul 31 10:04:32 amo kernel: amdgpu 0000:c3:00.0: [drm] *ERROR* dc_dmub_srv_log_diagnostic_data: DMCUB error - collecting diagnostic data
Jul 31 10:04:42 amo kernel: amdgpu 0000:c3:00.0: [drm] *ERROR* [CRTC:364:crtc-0] flip_done timed out
Jul 31 10:04:53 amo kernel: amdgpu 0000:c3:00.0: [drm] *ERROR* flip_done timed out
Jul 31 10:04:53 amo kernel: amdgpu 0000:c3:00.0: [drm] *ERROR* [CRTC:364:crtc-0] commit wait timed out
Jul 31 10:05:03 amo kernel: amdgpu 0000:c3:00.0: [drm] *ERROR* flip_done timed out
Jul 31 10:05:03 amo kernel: amdgpu 0000:c3:00.0: [drm] *ERROR* [PLANE:202:plane-3] commit wait timed out
Jul 31 10:05:03 amo kernel: amdgpu 0000:c3:00.0: [drm] *ERROR* Error queueing DMUB command: status=2
Jul 31 10:05:03 amo kernel: amdgpu 0000:c3:00.0: [drm] *ERROR* dc_dmub_srv_log_diagnostic_data: DMCUB error - collecting diagnostic data
Jul 31 10:05:03 amo kernel: amdgpu 0000:c3:00.0: [drm] *ERROR* Error queueing DMUB command: status=2
Jul 31 10:05:03 amo kernel: amdgpu 0000:c3:00.0: [drm] *ERROR* dc_dmub_srv_log_diagnostic_data: DMCUB error - collecting diagnostic data
Jul 31 10:05:04 amo kernel: amdgpu 0000:c3:00.0: [drm] *ERROR* Error queueing DMUB command: status=2
Jul 31 10:05:04 amo kernel: amdgpu 0000:c3:00.0: [drm] *ERROR* dc_dmub_srv_log_diagnostic_data: DMCUB error - collecting diagnostic data
Jul 31 10:05:04 amo kernel: amdgpu 0000:c3:00.0: [drm] *ERROR* Error queueing DMUB command: status=2
Jul 31 10:05:04 amo kernel: amdgpu 0000:c3:00.0: [drm] *ERROR* dc_dmub_srv_log_diagnostic_data: DMCUB error - collecting diagnostic data
Jul 31 10:05:04 amo kernel: amdgpu 0000:c3:00.0: [drm] *ERROR* Error queueing DMUB command: status=2
Jul 31 10:05:04 amo kernel: amdgpu 0000:c3:00.0: [drm] *ERROR* dc_dmub_srv_log_diagnostic_data: DMCUB error - collecting diagnostic data
Jul 31 10:05:05 amo kernel: amdgpu 0000:c3:00.0: [drm] *ERROR* Error queueing DMUB command: status=2
Jul 31 10:05:05 amo kernel: amdgpu 0000:c3:00.0: [drm] *ERROR* dc_dmub_srv_log_diagnostic_data: DMCUB error - collecting diagnostic data
Jul 31 10:05:05 amo kernel: amdgpu 0000:c3:00.0: [drm] *ERROR* Error queueing DMUB command: status=2
Jul 31 10:05:05 amo kernel: amdgpu 0000:c3:00.0: [drm] *ERROR* dc_dmub_srv_log_diagnostic_data: DMCUB error - collecting diagnostic data
Jul 31 10:05:05 amo kernel: amdgpu 0000:c3:00.0: [drm] *ERROR* Error queueing DMUB command: status=2
Jul 31 10:05:05 amo kernel: amdgpu 0000:c3:00.0: [drm] *ERROR* dc_dmub_srv_log_diagnostic_data: DMCUB error - collecting diagnostic data
Jul 31 10:05:06 amo kernel: amdgpu 0000:c3:00.0: [drm] *ERROR* Error queueing DMUB command: status=2
Jul 31 10:05:06 amo kernel: amdgpu 0000:c3:00.0: [drm] *ERROR* dc_dmub_srv_log_diagnostic_data: DMCUB error - collecting diagnostic data
Jul 31 10:05:06 amo kernel: amdgpu 0000:c3:00.0: [drm] *ERROR* Error queueing DMUB command: status=2
Jul 31 10:05:06 amo kernel: amdgpu 0000:c3:00.0: [drm] *ERROR* dc_dmub_srv_log_diagnostic_data: DMCUB error - collecting diagnostic data
Jul 31 10:05:06 amo kernel: amdgpu 0000:c3:00.0: [drm] *ERROR* Error queueing DMUB command: status=2
Jul 31 10:05:06 amo kernel: amdgpu 0000:c3:00.0: [drm] *ERROR* dc_dmub_srv_log_diagnostic_data: DMCUB error - collecting diagnostic data
Jul 31 10:05:06 amo kernel: amdgpu 0000:c3:00.0: [drm] *ERROR* Error queueing DMUB command: status=2
Jul 31 10:05:06 amo kernel: amdgpu 0000:c3:00.0: [drm] *ERROR* dc_dmub_srv_log_diagnostic_data: DMCUB error - collecting diagnostic data
Jul 31 10:05:07 amo kernel: amdgpu 0000:c3:00.0: [drm] *ERROR* Error queueing DMUB command: status=2
Jul 31 10:05:07 amo kernel: amdgpu 0000:c3:00.0: [drm] *ERROR* dc_dmub_srv_log_diagnostic_data: DMCUB error - collecting diagnostic data
Jul 31 10:05:07 amo kernel: amdgpu 0000:c3:00.0: [drm] *ERROR* Error queueing DMUB command: status=2
Jul 31 10:05:07 amo kernel: amdgpu 0000:c3:00.0: [drm] *ERROR* dc_dmub_srv_log_diagnostic_data: DMCUB error - collecting diagnostic data
Jul 31 10:05:07 amo kernel: amdgpu 0000:c3:00.0: [drm] *ERROR* Error queueing DMUB command: status=2
Jul 31 10:05:07 amo kernel: amdgpu 0000:c3:00.0: [drm] *ERROR* dc_dmub_srv_log_diagnostic_data: DMCUB error - collecting diagnostic data
Jul 31 10:05:08 amo kernel: amdgpu 0000:c3:00.0: [drm] *ERROR* Error queueing DMUB command: status=2
Jul 31 10:05:08 amo kernel: amdgpu 0000:c3:00.0: [drm] *ERROR* dc_dmub_srv_log_diagnostic_data: DMCUB error - collecting diagnostic data
Jul 31 10:05:08 amo kernel: amdgpu 0000:c3:00.0: [drm] *ERROR* Error queueing DMUB command: status=2
Jul 31 10:05:08 amo kernel: amdgpu 0000:c3:00.0: [drm] *ERROR* dc_dmub_srv_log_diagnostic_data: DMCUB error - collecting diagnostic data
Jul 31 10:05:08 amo kernel: amdgpu 0000:c3:00.0: [drm] *ERROR* Error queueing DMUB command: status=2
Jul 31 10:05:08 amo kernel: amdgpu 0000:c3:00.0: [drm] *ERROR* dc_dmub_srv_log_diagnostic_data: DMCUB error - collecting diagnostic data
Jul 31 10:05:18 amo kernel: amdgpu 0000:c3:00.0: [drm] *ERROR* [CRTC:364:crtc-0] flip_done timed out
Jul 31 10:05:28 amo kernel: amdgpu 0000:c3:00.0: [drm] *ERROR* flip_done timed out
Jul 31 10:05:28 amo kernel: amdgpu 0000:c3:00.0: [drm] *ERROR* [CRTC:364:crtc-0] commit wait timed out
Jul 31 10:05:36 amo chronyd[1644]: NTS-KE session with 185.125.190.122:4460 (1.ntp.ubuntu.com) timed out
Jul 31 10:05:36 amo chronyd[1644]: NTS-KE session with 91.189.91.111:4460 (ntp-bootstrap.ubuntu.com) timed out
Jul 31 10:05:36 amo chronyd[1644]: NTS-KE session with 91.189.91.113:4460 (4.ntp.ubuntu.com) timed out
Jul 31 10:05:38 amo chronyd[1644]: NTS-KE session with 91.189.91.112:4460 (3.ntp.ubuntu.com) timed out
Jul 31 10:05:39 amo kernel: amdgpu 0000:c3:00.0: [drm] *ERROR* flip_done timed out
Jul 31 10:05:39 amo kernel: amdgpu 0000:c3:00.0: [drm] *ERROR* [PLANE:202:plane-3] commit wait timed out
Jul 31 10:05:39 amo chronyd[1644]: NTS-KE session with 185.125.190.123:4460 (2.ntp.ubuntu.com) timed out
Jul 31 10:05:39 amo kernel: amdgpu 0000:c3:00.0: [drm] *ERROR* Error queueing DMUB command: status=2
Jul 31 10:05:39 amo kernel: amdgpu 0000:c3:00.0: [drm] *ERROR* dc_dmub_srv_log_diagnostic_data: DMCUB error - collecting diagnostic data
Jul 31 10:05:39 amo kernel: amdgpu 0000:c3:00.0: [drm] *ERROR* Error queueing DMUB command: status=2
Jul 31 10:05:39 amo kernel: amdgpu 0000:c3:00.0: [drm] *ERROR* dc_dmub_srv_log_diagnostic_data: DMCUB error - collecting diagnostic data
Jul 31 10:05:40 amo kernel: amdgpu 0000:c3:00.0: [drm] *ERROR* Error queueing DMUB command: status=2
Jul 31 10:05:40 amo kernel: amdgpu 0000:c3:00.0: [drm] *ERROR* dc_dmub_srv_log_diagnostic_data: DMCUB error - collecting diagnostic data
Jul 31 10:05:40 amo kernel: amdgpu 0000:c3:00.0: [drm] *ERROR* Error queueing DMUB command: status=2
Jul 31 10:05:40 amo kernel: amdgpu 0000:c3:00.0: [drm] *ERROR* dc_dmub_srv_log_diagnostic_data: DMCUB error - collecting diagnostic data
Jul 31 10:05:40 amo kernel: amdgpu 0000:c3:00.0: [drm] *ERROR* Error queueing DMUB command: status=2
Jul 31 10:05:40 amo kernel: amdgpu 0000:c3:00.0: [drm] *ERROR* dc_dmub_srv_log_diagnostic_data: DMCUB error - collecting diagnostic data
Jul 31 10:05:40 amo kernel: amdgpu 0000:c3:00.0: [drm] *ERROR* Error queueing DMUB command: status=2
Jul 31 10:05:40 amo kernel: amdgpu 0000:c3:00.0: [drm] *ERROR* dc_dmub_srv_log_diagnostic_data: DMCUB error - collecting diagnostic data
Jul 31 10:05:41 amo kernel: amdgpu 0000:c3:00.0: [drm] *ERROR* Error queueing DMUB command: status=2
Jul 31 10:05:41 amo kernel: amdgpu 0000:c3:00.0: [drm] *ERROR* dc_dmub_srv_log_diagnostic_data: DMCUB error - collecting diagnostic data
Jul 31 10:05:41 amo kernel: amdgpu 0000:c3:00.0: [drm] *ERROR* Error queueing DMUB command: status=2
Jul 31 10:05:41 amo kernel: amdgpu 0000:c3:00.0: [drm] *ERROR* dc_dmub_srv_log_diagnostic_data: DMCUB error - collecting diagnostic data
Jul 31 10:05:41 amo kernel: amdgpu 0000:c3:00.0: [drm] *ERROR* Error queueing DMUB command: status=2
Jul 31 10:05:41 amo kernel: amdgpu 0000:c3:00.0: [drm] *ERROR* dc_dmub_srv_log_diagnostic_data: DMCUB error - collecting diagnostic data
Jul 31 10:05:42 amo kernel: amdgpu 0000:c3:00.0: [drm] *ERROR* Error queueing DMUB command: status=2
Jul 31 10:05:42 amo kernel: amdgpu 0000:c3:00.0: [drm] *ERROR* dc_dmub_srv_log_diagnostic_data: DMCUB error - collecting diagnostic data
Jul 31 10:05:42 amo kernel: amdgpu 0000:c3:00.0: [drm] *ERROR* Error queueing DMUB command: status=2
Jul 31 10:05:42 amo kernel: amdgpu 0000:c3:00.0: [drm] *ERROR* dc_dmub_srv_log_diagnostic_data: DMCUB error - collecting diagnostic data
Jul 31 10:05:42 amo kernel: amdgpu 0000:c3:00.0: [drm] *ERROR* Error queueing DMUB command: status=2
Jul 31 10:05:42 amo kernel: amdgpu 0000:c3:00.0: [drm] *ERROR* dc_dmub_srv_log_diagnostic_data: DMCUB error - collecting diagnostic data
Jul 31 10:05:43 amo kernel: amdgpu 0000:c3:00.0: [drm] *ERROR* Error queueing DMUB command: status=2
Jul 31 10:05:43 amo kernel: amdgpu 0000:c3:00.0: [drm] *ERROR* dc_dmub_srv_log_diagnostic_data: DMCUB error - collecting diagnostic data
Jul 31 10:05:43 amo kernel: amdgpu 0000:c3:00.0: [drm] *ERROR* Error queueing DMUB command: status=2
Jul 31 10:05:43 amo kernel: amdgpu 0000:c3:00.0: [drm] *ERROR* dc_dmub_srv_log_diagnostic_data: DMCUB error - collecting diagnostic data
Jul 31 10:05:43 amo kernel: amdgpu 0000:c3:00.0: [drm] *ERROR* Error queueing DMUB command: status=2
Jul 31 10:05:43 amo kernel: amdgpu 0000:c3:00.0: [drm] *ERROR* dc_dmub_srv_log_diagnostic_data: DMCUB error - collecting diagnostic data
Jul 31 10:05:43 amo kernel: amdgpu 0000:c3:00.0: [drm] *ERROR* Error queueing DMUB command: status=2
Jul 31 10:05:43 amo kernel: amdgpu 0000:c3:00.0: [drm] *ERROR* dc_dmub_srv_log_diagnostic_data: DMCUB error - collecting diagnostic data
Jul 31 10:05:44 amo kernel: amdgpu 0000:c3:00.0: [drm] *ERROR* Error queueing DMUB command: status=2
Jul 31 10:05:44 amo kernel: amdgpu 0000:c3:00.0: [drm] *ERROR* dc_dmub_srv_log_diagnostic_data: DMCUB error - collecting diagnostic data
Jul 31 10:05:44 amo kernel: amdgpu 0000:c3:00.0: [drm] *ERROR* Error queueing DMUB command: status=2
Jul 31 10:05:44 amo kernel: amdgpu 0000:c3:00.0: [drm] *ERROR* dc_dmub_srv_log_diagnostic_data: DMCUB error - collecting diagnostic data
Jul 31 10:05:54 amo kernel: amdgpu 0000:c3:00.0: [drm] *ERROR* [CRTC:364:crtc-0] flip_done timed out
Jul 31 10:06:04 amo kernel: amdgpu 0000:c3:00.0: [drm] *ERROR* flip_done timed out
Jul 31 10:06:04 amo kernel: amdgpu 0000:c3:00.0: [drm] *ERROR* [CRTC:364:crtc-0] commit wait timed out
Jul 31 10:06:14 amo kernel: amdgpu 0000:c3:00.0: [drm] *ERROR* flip_done timed out
Jul 31 10:06:14 amo kernel: amdgpu 0000:c3:00.0: [drm] *ERROR* [PLANE:202:plane-3] commit wait timed out
Jul 31 10:06:15 amo kernel: amdgpu 0000:c3:00.0: [drm] *ERROR* Error queueing DMUB command: status=2
Jul 31 10:06:15 amo kernel: amdgpu 0000:c3:00.0: [drm] *ERROR* dc_dmub_srv_log_diagnostic_data: DMCUB error - collecting diagnostic data
Jul 31 10:06:15 amo kernel: amdgpu 0000:c3:00.0: [drm] *ERROR* Error queueing DMUB command: status=2
Jul 31 10:06:15 amo kernel: amdgpu 0000:c3:00.0: [drm] *ERROR* dc_dmub_srv_log_diagnostic_data: DMCUB error - collecting diagnostic data
Jul 31 10:06:15 amo kernel: amdgpu 0000:c3:00.0: [drm] *ERROR* Error queueing DMUB command: status=2
Jul 31 10:06:15 amo kernel: amdgpu 0000:c3:00.0: [drm] *ERROR* dc_dmub_srv_log_diagnostic_data: DMCUB error - collecting diagnostic data
Jul 31 10:06:16 amo kernel: amdgpu 0000:c3:00.0: [drm] *ERROR* Error queueing DMUB command: status=2
Jul 31 10:06:16 amo kernel: amdgpu 0000:c3:00.0: [drm] *ERROR* dc_dmub_srv_log_diagnostic_data: DMCUB error - collecting diagnostic data
Jul 31 10:06:16 amo kernel: amdgpu 0000:c3:00.0: [drm] *ERROR* Error queueing DMUB command: status=2
Jul 31 10:06:16 amo kernel: amdgpu 0000:c3:00.0: [drm] *ERROR* dc_dmub_srv_log_diagnostic_data: DMCUB error - collecting diagnostic data
Jul 31 10:06:16 amo kernel: amdgpu 0000:c3:00.0: [drm] *ERROR* Error queueing DMUB command: status=2
Jul 31 10:06:16 amo kernel: amdgpu 0000:c3:00.0: [drm] *ERROR* dc_dmub_srv_log_diagnostic_data: DMCUB error - collecting diagnostic data
Jul 31 10:06:17 amo kernel: amdgpu 0000:c3:00.0: [drm] *ERROR* Error queueing DMUB command: status=2
Jul 31 10:06:17 amo kernel: amdgpu 0000:c3:00.0: [drm] *ERROR* dc_dmub_srv_log_diagnostic_data: DMCUB error - collecting diagnostic data
Jul 31 10:06:17 amo kernel: amdgpu 0000:c3:00.0: [drm] *ERROR* Error queueing DMUB command: status=2
Jul 31 10:06:17 amo kernel: amdgpu 0000:c3:00.0: [drm] *ERROR* dc_dmub_srv_log_diagnostic_data: DMCUB error - collecting diagnostic data
Jul 31 10:06:17 amo kernel: amdgpu 0000:c3:00.0: [drm] *ERROR* Error queueing DMUB command: status=2
Jul 31 10:06:17 amo kernel: amdgpu 0000:c3:00.0: [drm] *ERROR* dc_dmub_srv_log_diagnostic_data: DMCUB error - collecting diagnostic data
Jul 31 10:06:18 amo kernel: amdgpu 0000:c3:00.0: [drm] *ERROR* Error queueing DMUB command: status=2
Jul 31 10:06:18 amo kernel: amdgpu 0000:c3:00.0: [drm] *ERROR* dc_dmub_srv_log_diagnostic_data: DMCUB error - collecting diagnostic data
Jul 31 10:06:18 amo kernel: amdgpu 0000:c3:00.0: [drm] *ERROR* Error queueing DMUB command: status=2
Jul 31 10:06:18 amo kernel: amdgpu 0000:c3:00.0: [drm] *ERROR* dc_dmub_srv_log_diagnostic_data: DMCUB error - collecting diagnostic data
Jul 31 10:06:18 amo kernel: amdgpu 0000:c3:00.0: [drm] *ERROR* Error queueing DMUB command: status=2
Jul 31 10:06:18 amo kernel: amdgpu 0000:c3:00.0: [drm] *ERROR* dc_dmub_srv_log_diagnostic_data: DMCUB error - collecting diagnostic data
Jul 31 10:06:18 amo kernel: amdgpu 0000:c3:00.0: [drm] *ERROR* Error queueing DMUB command: status=2
Jul 31 10:06:18 amo kernel: amdgpu 0000:c3:00.0: [drm] *ERROR* dc_dmub_srv_log_diagnostic_data: DMCUB error - collecting diagnostic data
Jul 31 10:06:19 amo kernel: amdgpu 0000:c3:00.0: [drm] *ERROR* Error queueing DMUB command: status=2
Jul 31 10:06:19 amo kernel: amdgpu 0000:c3:00.0: [drm] *ERROR* dc_dmub_srv_log_diagnostic_data: DMCUB error - collecting diagnostic data
Jul 31 10:06:19 amo kernel: amdgpu 0000:c3:00.0: [drm] *ERROR* Error queueing DMUB command: status=2
Jul 31 10:06:19 amo kernel: amdgpu 0000:c3:00.0: [drm] *ERROR* dc_dmub_srv_log_diagnostic_data: DMCUB error - collecting diagnostic data
Jul 31 10:06:19 amo kernel: amdgpu 0000:c3:00.0: [drm] *ERROR* Error queueing DMUB command: status=2
Jul 31 10:06:19 amo kernel: amdgpu 0000:c3:00.0: [drm] *ERROR* dc_dmub_srv_log_diagnostic_data: DMCUB error - collecting diagnostic data
Jul 31 10:06:20 amo kernel: amdgpu 0000:c3:00.0: [drm] *ERROR* Error queueing DMUB command: status=2
Jul 31 10:06:20 amo kernel: amdgpu 0000:c3:00.0: [drm] *ERROR* dc_dmub_srv_log_diagnostic_data: DMCUB error - collecting diagnostic data
Jul 31 10:06:20 amo kernel: amdgpu 0000:c3:00.0: [drm] *ERROR* Error queueing DMUB command: status=2
Jul 31 10:06:20 amo kernel: amdgpu 0000:c3:00.0: [drm] *ERROR* dc_dmub_srv_log_diagnostic_data: DMCUB error - collecting diagnostic data
Jul 31 10:06:30 amo kernel: amdgpu 0000:c3:00.0: [drm] *ERROR* [CRTC:364:crtc-0] flip_done timed out
Jul 31 10:06:35 amo kernel: amdgpu 0000:c3:00.0: [drm] *ERROR* Error queueing DMUB command: status=2
Jul 31 10:06:35 amo kernel: amdgpu 0000:c3:00.0: [drm] *ERROR* dc_dmub_srv_log_diagnostic_data: DMCUB error - collecting diagnostic data
Jul 31 10:06:35 amo kernel: amdgpu 0000:c3:00.0: [drm] *ERROR* Error queueing DMUB command: status=2
Jul 31 10:06:35 amo kernel: amdgpu 0000:c3:00.0: [drm] *ERROR* dc_dmub_srv_log_diagnostic_data: DMCUB error - collecting diagnostic data
Jul 31 10:06:35 amo kernel: amdgpu 0000:c3:00.0: [drm] *ERROR* Error queueing DMUB command: status=2
Jul 31 10:06:35 amo kernel: amdgpu 0000:c3:00.0: [drm] *ERROR* dc_dmub_srv_log_diagnostic_data: DMCUB error - collecting diagnostic data
Jul 31 10:06:36 amo kernel: amdgpu 0000:c3:00.0: [drm] *ERROR* Error queueing DMUB command: status=2
Jul 31 10:06:36 amo kernel: amdgpu 0000:c3:00.0: [drm] *ERROR* dc_dmub_srv_log_diagnostic_data: DMCUB error - collecting diagnostic data
Jul 31 10:06:36 amo kernel: amdgpu 0000:c3:00.0: [drm] *ERROR* Error queueing DMUB command: status=2
Jul 31 10:06:36 amo kernel: amdgpu 0000:c3:00.0: [drm] *ERROR* dc_dmub_srv_log_diagnostic_data: DMCUB error - collecting diagnostic data
Jul 31 10:06:36 amo kernel: amdgpu 0000:c3:00.0: [drm] *ERROR* Error queueing DMUB command: status=2
Jul 31 10:06:36 amo kernel: amdgpu 0000:c3:00.0: [drm] *ERROR* dc_dmub_srv_log_diagnostic_data: DMCUB error - collecting diagnostic data
Jul 31 10:06:36 amo kernel: amdgpu 0000:c3:00.0: [drm] *ERROR* Error queueing DMUB command: status=2
Jul 31 10:06:36 amo kernel: amdgpu 0000:c3:00.0: [drm] *ERROR* dc_dmub_srv_log_diagnostic_data: DMCUB error - collecting diagnostic data
Jul 31 10:06:37 amo kernel: amdgpu 0000:c3:00.0: [drm] *ERROR* Error queueing DMUB command: status=2
Jul 31 10:06:37 amo kernel: amdgpu 0000:c3:00.0: [drm] *ERROR* dc_dmub_srv_log_diagnostic_data: DMCUB error - collecting diagnostic data
Jul 31 10:06:37 amo kernel: amdgpu 0000:c3:00.0: [drm] *ERROR* Error queueing DMUB command: status=2
Jul 31 10:06:37 amo kernel: amdgpu 0000:c3:00.0: [drm] *ERROR* dc_dmub_srv_log_diagnostic_data: DMCUB error - collecting diagnostic data
Jul 31 10:06:37 amo kernel: amdgpu 0000:c3:00.0: [drm] *ERROR* Error queueing DMUB command: status=2
Jul 31 10:06:37 amo kernel: amdgpu 0000:c3:00.0: [drm] *ERROR* dc_dmub_srv_log_diagnostic_data: DMCUB error - collecting diagnostic data
Jul 31 10:06:37 amo kernel: amdgpu 0000:c3:00.0: [drm] *ERROR* Error queueing DMUB command: status=2
Jul 31 10:06:37 amo kernel: amdgpu 0000:c3:00.0: [drm] *ERROR* dc_dmub_srv_log_diagnostic_data: DMCUB error - collecting diagnostic data
Jul 31 10:06:38 amo kernel: amdgpu 0000:c3:00.0: [drm] *ERROR* Error queueing DMUB command: status=2
Jul 31 10:06:38 amo kernel: amdgpu 0000:c3:00.0: [drm] *ERROR* dc_dmub_srv_log_diagnostic_data: DMCUB error - collecting diagnostic data
Jul 31 10:06:38 amo kernel: amdgpu 0000:c3:00.0: [drm] *ERROR* Error queueing DMUB command: status=2
Jul 31 10:06:38 amo kernel: amdgpu 0000:c3:00.0: [drm] *ERROR* dc_dmub_srv_log_diagnostic_data: DMCUB error - collecting diagnostic data
Jul 31 10:06:38 amo kernel: amdgpu 0000:c3:00.0: [drm] *ERROR* Error queueing DMUB command: status=2
Jul 31 10:06:38 amo kernel: amdgpu 0000:c3:00.0: [drm] *ERROR* dc_dmub_srv_log_diagnostic_data: DMCUB error - collecting diagnostic data
Jul 31 10:06:38 amo kernel: amdgpu 0000:c3:00.0: [drm] *ERROR* Error queueing DMUB command: status=2
Jul 31 10:06:38 amo kernel: amdgpu 0000:c3:00.0: [drm] *ERROR* dc_dmub_srv_log_diagnostic_data: DMCUB error - collecting diagnostic data
Jul 31 10:06:39 amo kernel: amdgpu 0000:c3:00.0: [drm] *ERROR* Error queueing DMUB command: status=2
Jul 31 10:06:39 amo kernel: amdgpu 0000:c3:00.0: [drm] *ERROR* dc_dmub_srv_log_diagnostic_data: DMCUB error - collecting diagnostic data
Jul 31 10:06:39 amo kernel: amdgpu 0000:c3:00.0: [drm] *ERROR* Error queueing DMUB command: status=2
Jul 31 10:06:39 amo kernel: amdgpu 0000:c3:00.0: [drm] *ERROR* dc_dmub_srv_log_diagnostic_data: DMCUB error - collecting diagnostic data
Jul 31 10:06:39 amo kernel: amdgpu 0000:c3:00.0: [drm] *ERROR* Error queueing DMUB command: status=2
Jul 31 10:06:39 amo kernel: amdgpu 0000:c3:00.0: [drm] *ERROR* dc_dmub_srv_log_diagnostic_data: DMCUB error - collecting diagnostic data
Jul 31 10:06:39 amo kernel: amdgpu 0000:c3:00.0: [drm] *ERROR* Error queueing DMUB command: status=2
Jul 31 10:06:39 amo kernel: amdgpu 0000:c3:00.0: [drm] *ERROR* dc_dmub_srv_log_diagnostic_data: DMCUB error - collecting diagnostic data
Jul 31 10:06:40 amo kernel: amdgpu 0000:c3:00.0: [drm] *ERROR* Error queueing DMUB command: status=2
Jul 31 10:06:40 amo kernel: amdgpu 0000:c3:00.0: [drm] *ERROR* dc_dmub_srv_log_diagnostic_data: DMCUB error - collecting diagnostic data
Jul 31 10:06:40 amo kernel: amdgpu 0000:c3:00.0: [drm] *ERROR* Error queueing DMUB command: status=2
Jul 31 10:06:40 amo kernel: amdgpu 0000:c3:00.0: [drm] *ERROR* dc_dmub_srv_log_diagnostic_data: DMCUB error - collecting diagnostic data
Jul 31 10:06:40 amo kernel: amdgpu 0000:c3:00.0: [drm] *ERROR* flip_done timed out
Jul 31 10:06:40 amo kernel: amdgpu 0000:c3:00.0: [drm] *ERROR* [CRTC:364:crtc-0] commit wait timed out
Jul 31 10:06:40 amo kernel: amdgpu 0000:c3:00.0: [drm] *ERROR* Error queueing DMUB command: status=2
Jul 31 10:06:40 amo kernel: amdgpu 0000:c3:00.0: [drm] *ERROR* dc_dmub_srv_log_diagnostic_data: DMCUB error - collecting diagnostic data
Jul 31 10:06:40 amo kernel: amdgpu 0000:c3:00.0: [drm] *ERROR* Error queueing DMUB command: status=2
Jul 31 10:06:40 amo kernel: amdgpu 0000:c3:00.0: [drm] *ERROR* dc_dmub_srv_log_diagnostic_data: DMCUB error - collecting diagnostic data
Jul 31 10:06:41 amo kernel: amdgpu 0000:c3:00.0: [drm] *ERROR* Error queueing DMUB command: status=2
Jul 31 10:06:41 amo kernel: amdgpu 0000:c3:00.0: [drm] *ERROR* dc_dmub_srv_log_diagnostic_data: DMCUB error - collecting diagnostic data
Jul 31 10:06:41 amo kernel: amdgpu 0000:c3:00.0: [drm] *ERROR* Error queueing DMUB command: status=2
Jul 31 10:06:41 amo kernel: amdgpu 0000:c3:00.0: [drm] *ERROR* dc_dmub_srv_log_diagnostic_data: DMCUB error - collecting diagnostic data
Jul 31 10:06:41 amo kernel: amdgpu 0000:c3:00.0: [drm] *ERROR* Error queueing DMUB command: status=2
Jul 31 10:06:41 amo kernel: amdgpu 0000:c3:00.0: [drm] *ERROR* dc_dmub_srv_log_diagnostic_data: DMCUB error - collecting diagnostic data
Jul 31 10:06:41 amo kernel: amdgpu 0000:c3:00.0: [drm] *ERROR* Error queueing DMUB command: status=2
Jul 31 10:06:41 amo kernel: amdgpu 0000:c3:00.0: [drm] *ERROR* dc_dmub_srv_log_diagnostic_data: DMCUB error - collecting diagnostic data
Jul 31 10:06:42 amo kernel: amdgpu 0000:c3:00.0: [drm] *ERROR* Error queueing DMUB command: status=2
Jul 31 10:06:42 amo kernel: amdgpu 0000:c3:00.0: [drm] *ERROR* dc_dmub_srv_log_diagnostic_data: DMCUB error - collecting diagnostic data
Jul 31 10:06:42 amo kernel: amdgpu 0000:c3:00.0: [drm] *ERROR* Error queueing DMUB command: status=2
Jul 31 10:06:42 amo kernel: amdgpu 0000:c3:00.0: [drm] *ERROR* dc_dmub_srv_log_diagnostic_data: DMCUB error - collecting diagnostic data
Jul 31 10:06:42 amo kernel: amdgpu 0000:c3:00.0: [drm] *ERROR* Error queueing DMUB command: status=2
Jul 31 10:06:42 amo kernel: amdgpu 0000:c3:00.0: [drm] *ERROR* dc_dmub_srv_log_diagnostic_data: DMCUB error - collecting diagnostic data
Jul 31 10:06:42 amo kernel: amdgpu 0000:c3:00.0: [drm] *ERROR* Error queueing DMUB command: status=2
Jul 31 10:06:42 amo kernel: amdgpu 0000:c3:00.0: [drm] *ERROR* dc_dmub_srv_log_diagnostic_data: DMCUB error - collecting diagnostic data
Jul 31 10:06:43 amo kernel: amdgpu 0000:c3:00.0: [drm] *ERROR* Error queueing DMUB command: status=2
Jul 31 10:06:43 amo kernel: amdgpu 0000:c3:00.0: [drm] *ERROR* dc_dmub_srv_log_diagnostic_data: DMCUB error - collecting diagnostic data
Jul 31 10:06:43 amo kernel: amdgpu 0000:c3:00.0: [drm] *ERROR* Error queueing DMUB command: status=2
Jul 31 10:06:43 amo kernel: amdgpu 0000:c3:00.0: [drm] *ERROR* dc_dmub_srv_log_diagnostic_data: DMCUB error - collecting diagnostic data
Jul 31 10:06:43 amo kernel: amdgpu 0000:c3:00.0: [drm] *ERROR* Error queueing DMUB command: status=2
Jul 31 10:06:43 amo kernel: amdgpu 0000:c3:00.0: [drm] *ERROR* dc_dmub_srv_log_diagnostic_data: DMCUB error - collecting diagnostic data
Jul 31 10:06:43 amo kernel: amdgpu 0000:c3:00.0: [drm] *ERROR* Error queueing DMUB command: status=2
Jul 31 10:06:43 amo kernel: amdgpu 0000:c3:00.0: [drm] *ERROR* dc_dmub_srv_log_diagnostic_data: DMCUB error - collecting diagnostic data
Jul 31 10:06:44 amo kernel: amdgpu 0000:c3:00.0: [drm] *ERROR* Error queueing DMUB command: status=2
Jul 31 10:06:44 amo kernel: amdgpu 0000:c3:00.0: [drm] *ERROR* dc_dmub_srv_log_diagnostic_data: DMCUB error - collecting diagnostic data
Jul 31 10:06:44 amo kernel: amdgpu 0000:c3:00.0: [drm] *ERROR* Error queueing DMUB command: status=2
Jul 31 10:06:44 amo kernel: amdgpu 0000:c3:00.0: [drm] *ERROR* dc_dmub_srv_log_diagnostic_data: DMCUB error - collecting diagnostic data
Jul 31 10:06:44 amo kernel: amdgpu 0000:c3:00.0: [drm] *ERROR* Error queueing DMUB command: status=2
Jul 31 10:06:44 amo kernel: amdgpu 0000:c3:00.0: [drm] *ERROR* dc_dmub_srv_log_diagnostic_data: DMCUB error - collecting diagnostic data
Jul 31 10:06:44 amo kernel: amdgpu 0000:c3:00.0: [drm] *ERROR* Error queueing DMUB command: status=2
Jul 31 10:06:44 amo kernel: amdgpu 0000:c3:00.0: [drm] *ERROR* dc_dmub_srv_log_diagnostic_data: DMCUB error - collecting diagnostic data
Jul 31 10:06:45 amo kernel: amdgpu 0000:c3:00.0: [drm] *ERROR* Error queueing DMUB command: status=2
Jul 31 10:06:45 amo kernel: amdgpu 0000:c3:00.0: [drm] *ERROR* dc_dmub_srv_log_diagnostic_data: DMCUB error - collecting diagnostic data
Jul 31 10:06:45 amo kernel: amdgpu 0000:c3:00.0: [drm] *ERROR* Error queueing DMUB command: status=2
Jul 31 10:06:45 amo kernel: amdgpu 0000:c3:00.0: [drm] *ERROR* dc_dmub_srv_log_diagnostic_data: DMCUB error - collecting diagnostic data
Jul 31 10:06:45 amo kernel: amdgpu 0000:c3:00.0: [drm] *ERROR* Error queueing DMUB command: status=2
Jul 31 10:06:45 amo kernel: amdgpu 0000:c3:00.0: [drm] *ERROR* dc_dmub_srv_log_diagnostic_data: DMCUB error - collecting diagnostic data
Jul 31 10:06:45 amo kernel: amdgpu 0000:c3:00.0: [drm] *ERROR* Error queueing DMUB command: status=2
Jul 31 10:06:45 amo kernel: amdgpu 0000:c3:00.0: [drm] *ERROR* dc_dmub_srv_log_diagnostic_data: DMCUB error - collecting diagnostic data
Jul 31 10:06:46 amo kernel: amdgpu 0000:c3:00.0: [drm] *ERROR* Error queueing DMUB command: status=2
Jul 31 10:06:46 amo kernel: amdgpu 0000:c3:00.0: [drm] *ERROR* dc_dmub_srv_log_diagnostic_data: DMCUB error - collecting diagnostic data
Jul 31 10:06:46 amo kernel: amdgpu 0000:c3:00.0: [drm] *ERROR* Error queueing DMUB command: status=2
Jul 31 10:06:46 amo kernel: amdgpu 0000:c3:00.0: [drm] *ERROR* dc_dmub_srv_log_diagnostic_data: DMCUB error - collecting diagnostic data
Jul 31 10:06:46 amo kernel: amdgpu 0000:c3:00.0: [drm] *ERROR* Error queueing DMUB command: status=2
Jul 31 10:06:46 amo kernel: amdgpu 0000:c3:00.0: [drm] *ERROR* dc_dmub_srv_log_diagnostic_data: DMCUB error - collecting diagnostic data
Jul 31 10:06:46 amo kernel: amdgpu 0000:c3:00.0: [drm] *ERROR* Error queueing DMUB command: status=2
Jul 31 10:06:46 amo kernel: amdgpu 0000:c3:00.0: [drm] *ERROR* dc_dmub_srv_log_diagnostic_data: DMCUB error - collecting diagnostic data
Jul 31 10:06:47 amo kernel: amdgpu 0000:c3:00.0: [drm] *ERROR* Error queueing DMUB command: status=2
Jul 31 10:06:47 amo kernel: amdgpu 0000:c3:00.0: [drm] *ERROR* dc_dmub_srv_log_diagnostic_data: DMCUB error - collecting diagnostic data
Jul 31 10:06:47 amo kernel: amdgpu 0000:c3:00.0: [drm] *ERROR* Error queueing DMUB command: status=2
Jul 31 10:06:47 amo kernel: amdgpu 0000:c3:00.0: [drm] *ERROR* dc_dmub_srv_log_diagnostic_data: DMCUB error - collecting diagnostic data
Jul 31 10:06:47 amo kernel: amdgpu 0000:c3:00.0: [drm] *ERROR* Error queueing DMUB command: status=2
Jul 31 10:06:47 amo kernel: amdgpu 0000:c3:00.0: [drm] *ERROR* dc_dmub_srv_log_diagnostic_data: DMCUB error - collecting diagnostic data
Jul 31 10:06:47 amo kernel: amdgpu 0000:c3:00.0: [drm] *ERROR* Error queueing DMUB command: status=2
Jul 31 10:06:47 amo kernel: amdgpu 0000:c3:00.0: [drm] *ERROR* dc_dmub_srv_log_diagnostic_data: DMCUB error - collecting diagnostic data
Jul 31 10:06:48 amo kernel: amdgpu 0000:c3:00.0: [drm] *ERROR* Error queueing DMUB command: status=2
Jul 31 10:06:48 amo kernel: amdgpu 0000:c3:00.0: [drm] *ERROR* dc_dmub_srv_log_diagnostic_data: DMCUB error - collecting diagnostic data
Jul 31 10:06:48 amo kernel: amdgpu 0000:c3:00.0: [drm] *ERROR* Error queueing DMUB command: status=2
Jul 31 10:06:48 amo kernel: amdgpu 0000:c3:00.0: [drm] *ERROR* dc_dmub_srv_log_diagnostic_data: DMCUB error - collecting diagnostic data
Jul 31 10:06:48 amo kernel: amdgpu 0000:c3:00.0: [drm] *ERROR* Error queueing DMUB command: status=2
Jul 31 10:06:48 amo kernel: amdgpu 0000:c3:00.0: [drm] *ERROR* dc_dmub_srv_log_diagnostic_data: DMCUB error - collecting diagnostic data
Jul 31 10:06:48 amo kernel: amdgpu 0000:c3:00.0: [drm] *ERROR* Error queueing DMUB command: status=2
Jul 31 10:06:48 amo kernel: amdgpu 0000:c3:00.0: [drm] *ERROR* dc_dmub_srv_log_diagnostic_data: DMCUB error - collecting diagnostic data
Jul 31 10:06:49 amo kernel: amdgpu 0000:c3:00.0: [drm] *ERROR* Error queueing DMUB command: status=2
Jul 31 10:06:49 amo kernel: amdgpu 0000:c3:00.0: [drm] *ERROR* dc_dmub_srv_log_diagnostic_data: DMCUB error - collecting diagnostic data
Jul 31 10:06:49 amo kernel: amdgpu 0000:c3:00.0: [drm] *ERROR* Error queueing DMUB command: status=2
Jul 31 10:06:49 amo kernel: amdgpu 0000:c3:00.0: [drm] *ERROR* dc_dmub_srv_log_diagnostic_data: DMCUB error - collecting diagnostic data
Jul 31 10:06:49 amo kernel: amdgpu 0000:c3:00.0: [drm] *ERROR* Error queueing DMUB command: status=2
Jul 31 10:06:49 amo kernel: amdgpu 0000:c3:00.0: [drm] *ERROR* dc_dmub_srv_log_diagnostic_data: DMCUB error - collecting diagnostic data
Jul 31 10:06:49 amo kernel: amdgpu 0000:c3:00.0: [drm] *ERROR* Error queueing DMUB command: status=2
Jul 31 10:06:49 amo kernel: amdgpu 0000:c3:00.0: [drm] *ERROR* dc_dmub_srv_log_diagnostic_data: DMCUB error - collecting diagnostic data
Jul 31 10:06:50 amo kernel: amdgpu 0000:c3:00.0: [drm] *ERROR* Error queueing DMUB command: status=2
Jul 31 10:06:50 amo kernel: amdgpu 0000:c3:00.0: [drm] *ERROR* dc_dmub_srv_log_diagnostic_data: DMCUB error - collecting diagnostic data
Jul 31 10:06:50 amo kernel: amdgpu 0000:c3:00.0: [drm] *ERROR* Error queueing DMUB command: status=2
Jul 31 10:06:50 amo kernel: amdgpu 0000:c3:00.0: [drm] *ERROR* dc_dmub_srv_log_diagnostic_data: DMCUB error - collecting diagnostic data
Jul 31 10:06:50 amo kernel: amdgpu 0000:c3:00.0: [drm] *ERROR* Error queueing DMUB command: status=2
Jul 31 10:06:50 amo kernel: amdgpu 0000:c3:00.0: [drm] *ERROR* dc_dmub_srv_log_diagnostic_data: DMCUB error - collecting diagnostic data
Jul 31 10:06:50 amo kernel: amdgpu 0000:c3:00.0: [drm] *ERROR* Error queueing DMUB command: status=2
Jul 31 10:06:50 amo kernel: amdgpu 0000:c3:00.0: [drm] *ERROR* dc_dmub_srv_log_diagnostic_data: DMCUB error - collecting diagnostic data
Jul 31 10:06:50 amo kernel: amdgpu 0000:c3:00.0: [drm] *ERROR* flip_done timed out
Jul 31 10:06:50 amo kernel: amdgpu 0000:c3:00.0: [drm] *ERROR* [PLANE:202:plane-3] commit wait timed out
Jul 31 10:06:51 amo kernel: amdgpu 0000:c3:00.0: [drm] *ERROR* Error queueing DMUB command: status=2
Jul 31 10:06:51 amo kernel: amdgpu 0000:c3:00.0: [drm] *ERROR* dc_dmub_srv_log_diagnostic_data: DMCUB error - collecting diagnostic data
Jul 31 10:06:51 amo kernel: amdgpu 0000:c3:00.0: [drm] *ERROR* Error queueing DMUB command: status=2
Jul 31 10:06:51 amo kernel: amdgpu 0000:c3:00.0: [drm] *ERROR* dc_dmub_srv_log_diagnostic_data: DMCUB error - collecting diagnostic data
Jul 31 10:06:51 amo kernel: amdgpu 0000:c3:00.0: [drm] *ERROR* Error queueing DMUB command: status=2
Jul 31 10:06:51 amo kernel: amdgpu 0000:c3:00.0: [drm] *ERROR* dc_dmub_srv_log_diagnostic_data: DMCUB error - collecting diagnostic data
Jul 31 10:06:51 amo kernel: amdgpu 0000:c3:00.0: [drm] *ERROR* Error queueing DMUB command: status=2
Jul 31 10:06:51 amo kernel: amdgpu 0000:c3:00.0: [drm] *ERROR* dc_dmub_srv_log_diagnostic_data: DMCUB error - collecting diagnostic data
Jul 31 10:06:52 amo kernel: amdgpu 0000:c3:00.0: [drm] *ERROR* Error queueing DMUB command: status=2
Jul 31 10:06:52 amo kernel: amdgpu 0000:c3:00.0: [drm] *ERROR* dc_dmub_srv_log_diagnostic_data: DMCUB error - collecting diagnostic data
Jul 31 10:06:52 amo kernel: amdgpu 0000:c3:00.0: [drm] *ERROR* Error queueing DMUB command: status=2
Jul 31 10:06:52 amo kernel: amdgpu 0000:c3:00.0: [drm] *ERROR* dc_dmub_srv_log_diagnostic_data: DMCUB error - collecting diagnostic data
Jul 31 10:06:52 amo kernel: amdgpu 0000:c3:00.0: [drm] *ERROR* Error queueing DMUB command: status=2
Jul 31 10:06:52 amo kernel: amdgpu 0000:c3:00.0: [drm] *ERROR* dc_dmub_srv_log_diagnostic_data: DMCUB error - collecting diagnostic data
Jul 31 10:06:52 amo kernel: amdgpu 0000:c3:00.0: [drm] *ERROR* Error queueing DMUB command: status=2
Jul 31 10:06:52 amo kernel: amdgpu 0000:c3:00.0: [drm] *ERROR* dc_dmub_srv_log_diagnostic_data: DMCUB error - collecting diagnostic data
Jul 31 10:06:52 amo kernel: amdgpu 0000:c3:00.0: [drm] *ERROR* Error queueing DMUB command: status=2
Jul 31 10:06:52 amo kernel: amdgpu 0000:c3:00.0: [drm] *ERROR* dc_dmub_srv_log_diagnostic_data: DMCUB error - collecting diagnostic data
Jul 31 10:06:53 amo kernel: amdgpu 0000:c3:00.0: [drm] *ERROR* Error queueing DMUB command: status=2
Jul 31 10:06:53 amo kernel: amdgpu 0000:c3:00.0: [drm] *ERROR* dc_dmub_srv_log_diagnostic_data: DMCUB error - collecting diagnostic data
Jul 31 10:06:53 amo kernel: amdgpu 0000:c3:00.0: [drm] *ERROR* Error queueing DMUB command: status=2
Jul 31 10:06:53 amo kernel: amdgpu 0000:c3:00.0: [drm] *ERROR* dc_dmub_srv_log_diagnostic_data: DMCUB error - collecting diagnostic data
Jul 31 10:06:53 amo kernel: amdgpu 0000:c3:00.0: [drm] *ERROR* Error queueing DMUB command: status=2
Jul 31 10:06:53 amo kernel: amdgpu 0000:c3:00.0: [drm] *ERROR* dc_dmub_srv_log_diagnostic_data: DMCUB error - collecting diagnostic data
Jul 31 10:06:53 amo kernel: amdgpu 0000:c3:00.0: [drm] *ERROR* Error queueing DMUB command: status=2
Jul 31 10:06:53 amo kernel: amdgpu 0000:c3:00.0: [drm] *ERROR* dc_dmub_srv_log_diagnostic_data: DMCUB error - collecting diagnostic data
Jul 31 10:06:54 amo kernel: amdgpu 0000:c3:00.0: [drm] *ERROR* Error queueing DMUB command: status=2
Jul 31 10:06:54 amo kernel: amdgpu 0000:c3:00.0: [drm] *ERROR* dc_dmub_srv_log_diagnostic_data: DMCUB error - collecting diagnostic data
Jul 31 10:06:54 amo kernel: amdgpu 0000:c3:00.0: [drm] *ERROR* Error queueing DMUB command: status=2
Jul 31 10:06:54 amo kernel: amdgpu 0000:c3:00.0: [drm] *ERROR* dc_dmub_srv_log_diagnostic_data: DMCUB error - collecting diagnostic data
Jul 31 10:06:54 amo kernel: amdgpu 0000:c3:00.0: [drm] *ERROR* Error queueing DMUB command: status=2
Jul 31 10:06:54 amo kernel: amdgpu 0000:c3:00.0: [drm] *ERROR* dc_dmub_srv_log_diagnostic_data: DMCUB error - collecting diagnostic data
Jul 31 10:06:54 amo kernel: amdgpu 0000:c3:00.0: [drm] *ERROR* Error queueing DMUB command: status=2
Jul 31 10:06:54 amo kernel: amdgpu 0000:c3:00.0: [drm] *ERROR* dc_dmub_srv_log_diagnostic_data: DMCUB error - collecting diagnostic data
Jul 31 10:06:55 amo kernel: amdgpu 0000:c3:00.0: [drm] *ERROR* Error queueing DMUB command: status=2
Jul 31 10:06:55 amo kernel: amdgpu 0000:c3:00.0: [drm] *ERROR* dc_dmub_srv_log_diagnostic_data: DMCUB error - collecting diagnostic data
Jul 31 10:06:55 amo kernel: amdgpu 0000:c3:00.0: [drm] *ERROR* Error queueing DMUB command: status=2
Jul 31 10:06:55 amo kernel: amdgpu 0000:c3:00.0: [drm] *ERROR* dc_dmub_srv_log_diagnostic_data: DMCUB error - collecting diagnostic data
Jul 31 10:06:55 amo kernel: amdgpu 0000:c3:00.0: [drm] *ERROR* Error queueing DMUB command: status=2
Jul 31 10:06:55 amo kernel: amdgpu 0000:c3:00.0: [drm] *ERROR* dc_dmub_srv_log_diagnostic_data: DMCUB error - collecting diagnostic data
Jul 31 10:06:55 amo kernel: amdgpu 0000:c3:00.0: [drm] *ERROR* Error queueing DMUB command: status=2
Jul 31 10:06:55 amo kernel: amdgpu 0000:c3:00.0: [drm] *ERROR* dc_dmub_srv_log_diagnostic_data: DMCUB error - collecting diagnostic data
Jul 31 10:06:56 amo kernel: amdgpu 0000:c3:00.0: [drm] *ERROR* Error queueing DMUB command: status=2
Jul 31 10:06:56 amo kernel: amdgpu 0000:c3:00.0: [drm] *ERROR* dc_dmub_srv_log_diagnostic_data: DMCUB error - collecting diagnostic data
Jul 31 10:06:56 amo kernel: amdgpu 0000:c3:00.0: [drm] *ERROR* Error queueing DMUB command: status=2
Jul 31 10:06:56 amo kernel: amdgpu 0000:c3:00.0: [drm] *ERROR* dc_dmub_srv_log_diagnostic_data: DMCUB error - collecting diagnostic data
Jul 31 10:06:56 amo kernel: amdgpu 0000:c3:00.0: [drm] *ERROR* Error queueing DMUB command: status=2
Jul 31 10:06:56 amo kernel: amdgpu 0000:c3:00.0: [drm] *ERROR* dc_dmub_srv_log_diagnostic_data: DMCUB error - collecting diagnostic data
Jul 31 10:06:56 amo kernel: amdgpu 0000:c3:00.0: [drm] *ERROR* Error queueing DMUB command: status=2
Jul 31 10:06:56 amo kernel: amdgpu 0000:c3:00.0: [drm] *ERROR* dc_dmub_srv_log_diagnostic_data: DMCUB error - collecting diagnostic data
Jul 31 10:06:57 amo kernel: amdgpu 0000:c3:00.0: [drm] *ERROR* Error queueing DMUB command: status=2
Jul 31 10:06:57 amo kernel: amdgpu 0000:c3:00.0: [drm] *ERROR* dc_dmub_srv_log_diagnostic_data: DMCUB error - collecting diagnostic data
Jul 31 10:06:57 amo kernel: amdgpu 0000:c3:00.0: [drm] *ERROR* Error queueing DMUB command: status=2
Jul 31 10:06:57 amo kernel: amdgpu 0000:c3:00.0: [drm] *ERROR* dc_dmub_srv_log_diagnostic_data: DMCUB error - collecting diagnostic data
Jul 31 10:06:57 amo kernel: amdgpu 0000:c3:00.0: [drm] *ERROR* Error queueing DMUB command: status=2
Jul 31 10:06:57 amo kernel: amdgpu 0000:c3:00.0: [drm] *ERROR* dc_dmub_srv_log_diagnostic_data: DMCUB error - collecting diagnostic data
Jul 31 10:06:57 amo kernel: amdgpu 0000:c3:00.0: [drm] *ERROR* Error queueing DMUB command: status=2
Jul 31 10:06:57 amo kernel: amdgpu 0000:c3:00.0: [drm] *ERROR* dc_dmub_srv_log_diagnostic_data: DMCUB error - collecting diagnostic data
Jul 31 10:06:58 amo kernel: amdgpu 0000:c3:00.0: [drm] *ERROR* Error queueing DMUB command: status=2
Jul 31 10:06:58 amo kernel: amdgpu 0000:c3:00.0: [drm] *ERROR* dc_dmub_srv_log_diagnostic_data: DMCUB error - collecting diagnostic data
Jul 31 10:06:58 amo kernel: amdgpu 0000:c3:00.0: [drm] *ERROR* Error queueing DMUB command: status=2
Jul 31 10:06:58 amo kernel: amdgpu 0000:c3:00.0: [drm] *ERROR* dc_dmub_srv_log_diagnostic_data: DMCUB error - collecting diagnostic data
Jul 31 10:06:58 amo kernel: amdgpu 0000:c3:00.0: [drm] *ERROR* Error queueing DMUB command: status=2
Jul 31 10:06:58 amo kernel: amdgpu 0000:c3:00.0: [drm] *ERROR* dc_dmub_srv_log_diagnostic_data: DMCUB error - collecting diagnostic data
Jul 31 10:06:58 amo kernel: amdgpu 0000:c3:00.0: [drm] *ERROR* Error queueing DMUB command: status=2
Jul 31 10:06:58 amo kernel: amdgpu 0000:c3:00.0: [drm] *ERROR* dc_dmub_srv_log_diagnostic_data: DMCUB error - collecting diagnostic data
Jul 31 10:06:59 amo kernel: amdgpu 0000:c3:00.0: [drm] *ERROR* Error queueing DMUB command: status=2
Jul 31 10:06:59 amo kernel: amdgpu 0000:c3:00.0: [drm] *ERROR* dc_dmub_srv_log_diagnostic_data: DMCUB error - collecting diagnostic data
Jul 31 10:06:59 amo kernel: amdgpu 0000:c3:00.0: [drm] *ERROR* Error queueing DMUB command: status=2
Jul 31 10:06:59 amo kernel: amdgpu 0000:c3:00.0: [drm] *ERROR* dc_dmub_srv_log_diagnostic_data: DMCUB error - collecting diagnostic data
Jul 31 10:06:59 amo kernel: amdgpu 0000:c3:00.0: [drm] *ERROR* Error queueing DMUB command: status=2
Jul 31 10:06:59 amo kernel: amdgpu 0000:c3:00.0: [drm] *ERROR* dc_dmub_srv_log_diagnostic_data: DMCUB error - collecting diagnostic data
Jul 31 10:06:59 amo kernel: amdgpu 0000:c3:00.0: [drm] *ERROR* Error queueing DMUB command: status=2
Jul 31 10:06:59 amo kernel: amdgpu 0000:c3:00.0: [drm] *ERROR* dc_dmub_srv_log_diagnostic_data: DMCUB error - collecting diagnostic data
Jul 31 10:07:00 amo kernel: amdgpu 0000:c3:00.0: [drm] *ERROR* Error queueing DMUB command: status=2
Jul 31 10:07:00 amo kernel: amdgpu 0000:c3:00.0: [drm] *ERROR* dc_dmub_srv_log_diagnostic_data: DMCUB error - collecting diagnostic data
Jul 31 10:07:00 amo kernel: amdgpu 0000:c3:00.0: [drm] *ERROR* Error queueing DMUB command: status=2
Jul 31 10:07:00 amo kernel: amdgpu 0000:c3:00.0: [drm] *ERROR* dc_dmub_srv_log_diagnostic_data: DMCUB error - collecting diagnostic data
Jul 31 10:07:00 amo kernel: amdgpu 0000:c3:00.0: [drm] *ERROR* Error queueing DMUB command: status=2
Jul 31 10:07:00 amo kernel: amdgpu 0000:c3:00.0: [drm] *ERROR* dc_dmub_srv_log_diagnostic_data: DMCUB error - collecting diagnostic data
Jul 31 10:07:00 amo kernel: amdgpu 0000:c3:00.0: [drm] *ERROR* Error queueing DMUB command: status=2
Jul 31 10:07:00 amo kernel: amdgpu 0000:c3:00.0: [drm] *ERROR* dc_dmub_srv_log_diagnostic_data: DMCUB error - collecting diagnostic data
Jul 31 10:07:01 amo kernel: amdgpu 0000:c3:00.0: [drm] *ERROR* Error queueing DMUB command: status=2
Jul 31 10:07:01 amo kernel: amdgpu 0000:c3:00.0: [drm] *ERROR* dc_dmub_srv_log_diagnostic_data: DMCUB error - collecting diagnostic data
Jul 31 10:07:01 amo kernel: amdgpu 0000:c3:00.0: [drm] *ERROR* Error queueing DMUB command: status=2
Jul 31 10:07:01 amo kernel: amdgpu 0000:c3:00.0: [drm] *ERROR* dc_dmub_srv_log_diagnostic_data: DMCUB error - collecting diagnostic data
Jul 31 10:07:01 amo kernel: amdgpu 0000:c3:00.0: [drm] *ERROR* Error queueing DMUB command: status=2
Jul 31 10:07:01 amo kernel: amdgpu 0000:c3:00.0: [drm] *ERROR* dc_dmub_srv_log_diagnostic_data: DMCUB error - collecting diagnostic data
Jul 31 10:07:01 amo kernel: amdgpu 0000:c3:00.0: [drm] *ERROR* Error queueing DMUB command: status=2
Jul 31 10:07:01 amo kernel: amdgpu 0000:c3:00.0: [drm] *ERROR* dc_dmub_srv_log_diagnostic_data: DMCUB error - collecting diagnostic data
Jul 31 10:07:02 amo kernel: amdgpu 0000:c3:00.0: [drm] *ERROR* Error queueing DMUB command: status=2
Jul 31 10:07:02 amo kernel: amdgpu 0000:c3:00.0: [drm] *ERROR* dc_dmub_srv_log_diagnostic_data: DMCUB error - collecting diagnostic data
Jul 31 10:07:02 amo kernel: amdgpu 0000:c3:00.0: [drm] *ERROR* Error queueing DMUB command: status=2
Jul 31 10:07:02 amo kernel: amdgpu 0000:c3:00.0: [drm] *ERROR* dc_dmub_srv_log_diagnostic_data: DMCUB error - collecting diagnostic data
Jul 31 10:07:02 amo kernel: amdgpu 0000:c3:00.0: [drm] *ERROR* Error queueing DMUB command: status=2
Jul 31 10:07:02 amo kernel: amdgpu 0000:c3:00.0: [drm] *ERROR* dc_dmub_srv_log_diagnostic_data: DMCUB error - collecting diagnostic data
Jul 31 10:07:02 amo kernel: amdgpu 0000:c3:00.0: [drm] *ERROR* Error queueing DMUB command: status=2
Jul 31 10:07:02 amo kernel: amdgpu 0000:c3:00.0: [drm] *ERROR* dc_dmub_srv_log_diagnostic_data: DMCUB error - collecting diagnostic data
Jul 31 10:07:03 amo kernel: amdgpu 0000:c3:00.0: [drm] *ERROR* Error queueing DMUB command: status=2
Jul 31 10:07:03 amo kernel: amdgpu 0000:c3:00.0: [drm] *ERROR* dc_dmub_srv_log_diagnostic_data: DMCUB error - collecting diagnostic data
Jul 31 10:07:03 amo kernel: amdgpu 0000:c3:00.0: [drm] *ERROR* Error queueing DMUB command: status=2
Jul 31 10:07:03 amo kernel: amdgpu 0000:c3:00.0: [drm] *ERROR* dc_dmub_srv_log_diagnostic_data: DMCUB error - collecting diagnostic data
Jul 31 10:07:03 amo kernel: amdgpu 0000:c3:00.0: [drm] *ERROR* Error queueing DMUB command: status=2
Jul 31 10:07:03 amo kernel: amdgpu 0000:c3:00.0: [drm] *ERROR* dc_dmub_srv_log_diagnostic_data: DMCUB error - collecting diagnostic data
Jul 31 10:07:03 amo kernel: amdgpu 0000:c3:00.0: [drm] *ERROR* Error queueing DMUB command: status=2
Jul 31 10:07:03 amo kernel: amdgpu 0000:c3:00.0: [drm] *ERROR* dc_dmub_srv_log_diagnostic_data: DMCUB error - collecting diagnostic data
Jul 31 10:07:04 amo kernel: amdgpu 0000:c3:00.0: [drm] *ERROR* Error queueing DMUB command: status=2
Jul 31 10:07:04 amo kernel: amdgpu 0000:c3:00.0: [drm] *ERROR* dc_dmub_srv_log_diagnostic_data: DMCUB error - collecting diagnostic data
Jul 31 10:07:04 amo kernel: amdgpu 0000:c3:00.0: [drm] *ERROR* Error queueing DMUB command: status=2
Jul 31 10:07:04 amo kernel: amdgpu 0000:c3:00.0: [drm] *ERROR* dc_dmub_srv_log_diagnostic_data: DMCUB error - collecting diagnostic data
Jul 31 10:07:04 amo kernel: amdgpu 0000:c3:00.0: [drm] *ERROR* Error queueing DMUB command: status=2
Jul 31 10:07:04 amo kernel: amdgpu 0000:c3:00.0: [drm] *ERROR* dc_dmub_srv_log_diagnostic_data: DMCUB error - collecting diagnostic data
Jul 31 10:07:04 amo kernel: amdgpu 0000:c3:00.0: [drm] *ERROR* Error queueing DMUB command: status=2
Jul 31 10:07:04 amo kernel: amdgpu 0000:c3:00.0: [drm] *ERROR* dc_dmub_srv_log_diagnostic_data: DMCUB error - collecting diagnostic data
Jul 31 10:07:05 amo kernel: amdgpu 0000:c3:00.0: [drm] *ERROR* Error queueing DMUB command: status=2
Jul 31 10:07:05 amo kernel: amdgpu 0000:c3:00.0: [drm] *ERROR* dc_dmub_srv_log_diagnostic_data: DMCUB error - collecting diagnostic data
Jul 31 10:07:05 amo kernel: amdgpu 0000:c3:00.0: [drm] *ERROR* Error queueing DMUB command: status=2
Jul 31 10:07:05 amo kernel: amdgpu 0000:c3:00.0: [drm] *ERROR* dc_dmub_srv_log_diagnostic_data: DMCUB error - collecting diagnostic data
Jul 31 10:07:05 amo kernel: amdgpu 0000:c3:00.0: [drm] *ERROR* Error queueing DMUB command: status=2
Jul 31 10:07:05 amo kernel: amdgpu 0000:c3:00.0: [drm] *ERROR* dc_dmub_srv_log_diagnostic_data: DMCUB error - collecting diagnostic data
Jul 31 10:07:05 amo kernel: amdgpu 0000:c3:00.0: [drm] *ERROR* Error queueing DMUB command: status=2
Jul 31 10:07:05 amo kernel: amdgpu 0000:c3:00.0: [drm] *ERROR* dc_dmub_srv_log_diagnostic_data: DMCUB error - collecting diagnostic data
Jul 31 10:07:06 amo kernel: amdgpu 0000:c3:00.0: [drm] *ERROR* Error queueing DMUB command: status=2
Jul 31 10:07:06 amo kernel: amdgpu 0000:c3:00.0: [drm] *ERROR* dc_dmub_srv_log_diagnostic_data: DMCUB error - collecting diagnostic data
Jul 31 10:07:06 amo kernel: amdgpu 0000:c3:00.0: [drm] *ERROR* Error queueing DMUB command: status=2
Jul 31 10:07:06 amo kernel: amdgpu 0000:c3:00.0: [drm] *ERROR* dc_dmub_srv_log_diagnostic_data: DMCUB error - collecting diagnostic data
Jul 31 10:07:06 amo kernel: amdgpu 0000:c3:00.0: [drm] *ERROR* Error queueing DMUB command: status=2
Jul 31 10:07:06 amo kernel: amdgpu 0000:c3:00.0: [drm] *ERROR* dc_dmub_srv_log_diagnostic_data: DMCUB error - collecting diagnostic data
Jul 31 10:07:06 amo kernel: amdgpu 0000:c3:00.0: [drm] *ERROR* Error queueing DMUB command: status=2
Jul 31 10:07:06 amo kernel: amdgpu 0000:c3:00.0: [drm] *ERROR* dc_dmub_srv_log_diagnostic_data: DMCUB error - collecting diagnostic data
Jul 31 10:07:07 amo kernel: amdgpu 0000:c3:00.0: [drm] *ERROR* Error queueing DMUB command: status=2
Jul 31 10:07:07 amo kernel: amdgpu 0000:c3:00.0: [drm] *ERROR* dc_dmub_srv_log_diagnostic_data: DMCUB error - collecting diagnostic data
Jul 31 10:07:07 amo kernel: amdgpu 0000:c3:00.0: [drm] *ERROR* Error queueing DMUB command: status=2
Jul 31 10:07:07 amo kernel: amdgpu 0000:c3:00.0: [drm] *ERROR* dc_dmub_srv_log_diagnostic_data: DMCUB error - collecting diagnostic data
Jul 31 10:07:07 amo kernel: amdgpu 0000:c3:00.0: [drm] *ERROR* Error queueing DMUB command: status=2
Jul 31 10:07:07 amo kernel: amdgpu 0000:c3:00.0: [drm] *ERROR* dc_dmub_srv_log_diagnostic_data: DMCUB error - collecting diagnostic data
Jul 31 10:07:07 amo kernel: amdgpu 0000:c3:00.0: [drm] *ERROR* Error queueing DMUB command: status=2
Jul 31 10:07:07 amo kernel: amdgpu 0000:c3:00.0: [drm] *ERROR* dc_dmub_srv_log_diagnostic_data: DMCUB error - collecting diagnostic data
Jul 31 10:07:08 amo kernel: amdgpu 0000:c3:00.0: [drm] *ERROR* Error queueing DMUB command: status=2
Jul 31 10:07:08 amo kernel: amdgpu 0000:c3:00.0: [drm] *ERROR* dc_dmub_srv_log_diagnostic_data: DMCUB error - collecting diagnostic data
Jul 31 10:07:08 amo kernel: amdgpu 0000:c3:00.0: [drm] *ERROR* Error queueing DMUB command: status=2
Jul 31 10:07:08 amo kernel: amdgpu 0000:c3:00.0: [drm] *ERROR* dc_dmub_srv_log_diagnostic_data: DMCUB error - collecting diagnostic data
Jul 31 10:07:08 amo kernel: amdgpu 0000:c3:00.0: [drm] *ERROR* Error queueing DMUB command: status=2
Jul 31 10:07:08 amo kernel: amdgpu 0000:c3:00.0: [drm] *ERROR* dc_dmub_srv_log_diagnostic_data: DMCUB error - collecting diagnostic data
Jul 31 10:07:08 amo kernel: amdgpu 0000:c3:00.0: [drm] *ERROR* Error queueing DMUB command: status=2
Jul 31 10:07:08 amo kernel: amdgpu 0000:c3:00.0: [drm] *ERROR* dc_dmub_srv_log_diagnostic_data: DMCUB error - collecting diagnostic data
Jul 31 10:07:09 amo kernel: amdgpu 0000:c3:00.0: [drm] *ERROR* Error queueing DMUB command: status=2
Jul 31 10:07:09 amo kernel: amdgpu 0000:c3:00.0: [drm] *ERROR* dc_dmub_srv_log_diagnostic_data: DMCUB error - collecting diagnostic data
Jul 31 10:07:09 amo kernel: amdgpu 0000:c3:00.0: [drm] *ERROR* Error queueing DMUB command: status=2
Jul 31 10:07:09 amo kernel: amdgpu 0000:c3:00.0: [drm] *ERROR* dc_dmub_srv_log_diagnostic_data: DMCUB error - collecting diagnostic data
Jul 31 10:07:09 amo kernel: amdgpu 0000:c3:00.0: [drm] *ERROR* Error queueing DMUB command: status=2
Jul 31 10:07:09 amo kernel: amdgpu 0000:c3:00.0: [drm] *ERROR* dc_dmub_srv_log_diagnostic_data: DMCUB error - collecting diagnostic data
Jul 31 10:07:09 amo kernel: amdgpu 0000:c3:00.0: [drm] *ERROR* Error queueing DMUB command: status=2
Jul 31 10:07:09 amo kernel: amdgpu 0000:c3:00.0: [drm] *ERROR* dc_dmub_srv_log_diagnostic_data: DMCUB error - collecting diagnostic data
Jul 31 10:07:10 amo kernel: amdgpu 0000:c3:00.0: [drm] *ERROR* Error queueing DMUB command: status=2
Jul 31 10:07:10 amo kernel: amdgpu 0000:c3:00.0: [drm] *ERROR* dc_dmub_srv_log_diagnostic_data: DMCUB error - collecting diagnostic data
Jul 31 10:07:10 amo kernel: amdgpu 0000:c3:00.0: [drm] *ERROR* Error queueing DMUB command: status=2
Jul 31 10:07:10 amo kernel: amdgpu 0000:c3:00.0: [drm] *ERROR* dc_dmub_srv_log_diagnostic_data: DMCUB error - collecting diagnostic data
Jul 31 10:07:10 amo kernel: amdgpu 0000:c3:00.0: [drm] *ERROR* Error queueing DMUB command: status=2
Jul 31 10:07:10 amo kernel: amdgpu 0000:c3:00.0: [drm] *ERROR* dc_dmub_srv_log_diagnostic_data: DMCUB error - collecting diagnostic data
Jul 31 10:07:10 amo kernel: amdgpu 0000:c3:00.0: [drm] *ERROR* Error queueing DMUB command: status=2
Jul 31 10:07:10 amo kernel: amdgpu 0000:c3:00.0: [drm] *ERROR* dc_dmub_srv_log_diagnostic_data: DMCUB error - collecting diagnostic data
Jul 31 10:07:10 amo kernel: amdgpu 0000:c3:00.0: [drm] *ERROR* Error queueing DMUB command: status=2
Jul 31 10:07:10 amo kernel: amdgpu 0000:c3:00.0: [drm] *ERROR* dc_dmub_srv_log_diagnostic_data: DMCUB error - collecting diagnostic data
Jul 31 10:07:11 amo kernel: amdgpu 0000:c3:00.0: [drm] *ERROR* Error queueing DMUB command: status=2
Jul 31 10:07:11 amo kernel: amdgpu 0000:c3:00.0: [drm] *ERROR* dc_dmub_srv_log_diagnostic_data: DMCUB error - collecting diagnostic data
Jul 31 10:07:11 amo kernel: amdgpu 0000:c3:00.0: [drm] *ERROR* Error queueing DMUB command: status=2
Jul 31 10:07:11 amo kernel: amdgpu 0000:c3:00.0: [drm] *ERROR* dc_dmub_srv_log_diagnostic_data: DMCUB error - collecting diagnostic data
Jul 31 10:07:11 amo kernel: amdgpu 0000:c3:00.0: [drm] *ERROR* Error queueing DMUB command: status=2
Jul 31 10:07:11 amo kernel: amdgpu 0000:c3:00.0: [drm] *ERROR* dc_dmub_srv_log_diagnostic_data: DMCUB error - collecting diagnostic data
Jul 31 10:07:11 amo kernel: amdgpu 0000:c3:00.0: [drm] *ERROR* Error queueing DMUB command: status=2
Jul 31 10:07:11 amo kernel: amdgpu 0000:c3:00.0: [drm] *ERROR* dc_dmub_srv_log_diagnostic_data: DMCUB error - collecting diagnostic data
Jul 31 10:07:12 amo kernel: amdgpu 0000:c3:00.0: [drm] *ERROR* Error queueing DMUB command: status=2
Jul 31 10:07:12 amo kernel: amdgpu 0000:c3:00.0: [drm] *ERROR* dc_dmub_srv_log_diagnostic_data: DMCUB error - collecting diagnostic data
Jul 31 10:07:12 amo kernel: amdgpu 0000:c3:00.0: [drm] *ERROR* Error queueing DMUB command: status=2
Jul 31 10:07:12 amo kernel: amdgpu 0000:c3:00.0: [drm] *ERROR* dc_dmub_srv_log_diagnostic_data: DMCUB error - collecting diagnostic data
Jul 31 10:07:12 amo kernel: amdgpu 0000:c3:00.0: [drm] *ERROR* Error queueing DMUB command: status=2
Jul 31 10:07:12 amo kernel: amdgpu 0000:c3:00.0: [drm] *ERROR* dc_dmub_srv_log_diagnostic_data: DMCUB error - collecting diagnostic data
Jul 31 10:07:12 amo kernel: amdgpu 0000:c3:00.0: [drm] *ERROR* Error queueing DMUB command: status=2
Jul 31 10:07:12 amo kernel: amdgpu 0000:c3:00.0: [drm] *ERROR* dc_dmub_srv_log_diagnostic_data: DMCUB error - collecting diagnostic data
Jul 31 10:07:13 amo kernel: amdgpu 0000:c3:00.0: [drm] *ERROR* Error queueing DMUB command: status=2
Jul 31 10:07:13 amo kernel: amdgpu 0000:c3:00.0: [drm] *ERROR* dc_dmub_srv_log_diagnostic_data: DMCUB error - collecting diagnostic data
Jul 31 10:07:13 amo kernel: amdgpu 0000:c3:00.0: [drm] *ERROR* Error queueing DMUB command: status=2
Jul 31 10:07:13 amo kernel: amdgpu 0000:c3:00.0: [drm] *ERROR* dc_dmub_srv_log_diagnostic_data: DMCUB error - collecting diagnostic data
Jul 31 10:07:13 amo kernel: amdgpu 0000:c3:00.0: [drm] *ERROR* Error queueing DMUB command: status=2
Jul 31 10:07:13 amo kernel: amdgpu 0000:c3:00.0: [drm] *ERROR* dc_dmub_srv_log_diagnostic_data: DMCUB error - collecting diagnostic data
Jul 31 10:07:13 amo kernel: amdgpu 0000:c3:00.0: [drm] *ERROR* Error queueing DMUB command: status=2
Jul 31 10:07:13 amo kernel: amdgpu 0000:c3:00.0: [drm] *ERROR* dc_dmub_srv_log_diagnostic_data: DMCUB error - collecting diagnostic data
Jul 31 10:07:14 amo kernel: amdgpu 0000:c3:00.0: [drm] *ERROR* Error queueing DMUB command: status=2
Jul 31 10:07:14 amo kernel: amdgpu 0000:c3:00.0: [drm] *ERROR* dc_dmub_srv_log_diagnostic_data: DMCUB error - collecting diagnostic data
Jul 31 10:07:14 amo kernel: amdgpu 0000:c3:00.0: [drm] *ERROR* Error queueing DMUB command: status=2
Jul 31 10:07:14 amo kernel: amdgpu 0000:c3:00.0: [drm] *ERROR* dc_dmub_srv_log_diagnostic_data: DMCUB error - collecting diagnostic data
Jul 31 10:07:14 amo kernel: amdgpu 0000:c3:00.0: [drm] *ERROR* Error queueing DMUB command: status=2
Jul 31 10:07:14 amo kernel: amdgpu 0000:c3:00.0: [drm] *ERROR* dc_dmub_srv_log_diagnostic_data: DMCUB error - collecting diagnostic data
Jul 31 10:07:14 amo kernel: amdgpu 0000:c3:00.0: [drm] *ERROR* Error queueing DMUB command: status=2
Jul 31 10:07:14 amo kernel: amdgpu 0000:c3:00.0: [drm] *ERROR* dc_dmub_srv_log_diagnostic_data: DMCUB error - collecting diagnostic data
Jul 31 10:07:15 amo kernel: amdgpu 0000:c3:00.0: [drm] *ERROR* Error queueing DMUB command: status=2
Jul 31 10:07:15 amo kernel: amdgpu 0000:c3:00.0: [drm] *ERROR* dc_dmub_srv_log_diagnostic_data: DMCUB error - collecting diagnostic data
Jul 31 10:07:15 amo kernel: amdgpu 0000:c3:00.0: [drm] *ERROR* Error queueing DMUB command: status=2
Jul 31 10:07:15 amo kernel: amdgpu 0000:c3:00.0: [drm] *ERROR* dc_dmub_srv_log_diagnostic_data: DMCUB error - collecting diagnostic data
Jul 31 10:07:15 amo kernel: amdgpu 0000:c3:00.0: [drm] *ERROR* Error queueing DMUB command: status=2
Jul 31 10:07:15 amo kernel: amdgpu 0000:c3:00.0: [drm] *ERROR* dc_dmub_srv_log_diagnostic_data: DMCUB error - collecting diagnostic data
Jul 31 10:07:15 amo kernel: amdgpu 0000:c3:00.0: [drm] *ERROR* Error queueing DMUB command: status=2
Jul 31 10:07:15 amo kernel: amdgpu 0000:c3:00.0: [drm] *ERROR* dc_dmub_srv_log_diagnostic_data: DMCUB error - collecting diagnostic data
Jul 31 10:07:16 amo kernel: amdgpu 0000:c3:00.0: [drm] *ERROR* Error queueing DMUB command: status=2
Jul 31 10:07:16 amo kernel: amdgpu 0000:c3:00.0: [drm] *ERROR* dc_dmub_srv_log_diagnostic_data: DMCUB error - collecting diagnostic data
Jul 31 10:07:16 amo kernel: amdgpu 0000:c3:00.0: [drm] *ERROR* Error queueing DMUB command: status=2
Jul 31 10:07:16 amo kernel: amdgpu 0000:c3:00.0: [drm] *ERROR* dc_dmub_srv_log_diagnostic_data: DMCUB error - collecting diagnostic data
Jul 31 10:07:16 amo kernel: amdgpu 0000:c3:00.0: [drm] *ERROR* Error queueing DMUB command: status=2
Jul 31 10:07:16 amo kernel: amdgpu 0000:c3:00.0: [drm] *ERROR* dc_dmub_srv_log_diagnostic_data: DMCUB error - collecting diagnostic data
Jul 31 10:07:16 amo kernel: amdgpu 0000:c3:00.0: [drm] *ERROR* Error queueing DMUB command: status=2
Jul 31 10:07:16 amo kernel: amdgpu 0000:c3:00.0: [drm] *ERROR* dc_dmub_srv_log_diagnostic_data: DMCUB error - collecting diagnostic data
Jul 31 10:07:17 amo kernel: amdgpu 0000:c3:00.0: [drm] *ERROR* Error queueing DMUB command: status=2
Jul 31 10:07:17 amo kernel: amdgpu 0000:c3:00.0: [drm] *ERROR* dc_dmub_srv_log_diagnostic_data: DMCUB error - collecting diagnostic data
Jul 31 10:07:17 amo kernel: amdgpu 0000:c3:00.0: [drm] *ERROR* Error queueing DMUB command: status=2
Jul 31 10:07:17 amo kernel: amdgpu 0000:c3:00.0: [drm] *ERROR* dc_dmub_srv_log_diagnostic_data: DMCUB error - collecting diagnostic data
Jul 31 10:07:17 amo kernel: amdgpu 0000:c3:00.0: [drm] *ERROR* Error queueing DMUB command: status=2
Jul 31 10:07:17 amo kernel: amdgpu 0000:c3:00.0: [drm] *ERROR* dc_dmub_srv_log_diagnostic_data: DMCUB error - collecting diagnostic data
Jul 31 10:07:17 amo kernel: amdgpu 0000:c3:00.0: [drm] *ERROR* Error queueing DMUB command: status=2
Jul 31 10:07:17 amo kernel: amdgpu 0000:c3:00.0: [drm] *ERROR* dc_dmub_srv_log_diagnostic_data: DMCUB error - collecting diagnostic data
Jul 31 10:07:18 amo kernel: amdgpu 0000:c3:00.0: [drm] *ERROR* Error queueing DMUB command: status=2
Jul 31 10:07:18 amo kernel: amdgpu 0000:c3:00.0: [drm] *ERROR* dc_dmub_srv_log_diagnostic_data: DMCUB error - collecting diagnostic data
Jul 31 10:07:18 amo kernel: amdgpu 0000:c3:00.0: [drm] *ERROR* Error queueing DMUB command: status=2
Jul 31 10:07:18 amo kernel: amdgpu 0000:c3:00.0: [drm] *ERROR* dc_dmub_srv_log_diagnostic_data: DMCUB error - collecting diagnostic data
Jul 31 10:07:18 amo kernel: amdgpu 0000:c3:00.0: [drm] *ERROR* Error queueing DMUB command: status=2
Jul 31 10:07:18 amo kernel: amdgpu 0000:c3:00.0: [drm] *ERROR* dc_dmub_srv_log_diagnostic_data: DMCUB error - collecting diagnostic data
Jul 31 10:07:18 amo kernel: amdgpu 0000:c3:00.0: [drm] *ERROR* Error queueing DMUB command: status=2
Jul 31 10:07:18 amo kernel: amdgpu 0000:c3:00.0: [drm] *ERROR* dc_dmub_srv_log_diagnostic_data: DMCUB error - collecting diagnostic data
Jul 31 10:07:19 amo kernel: amdgpu 0000:c3:00.0: [drm] *ERROR* Error queueing DMUB command: status=2
Jul 31 10:07:19 amo kernel: amdgpu 0000:c3:00.0: [drm] *ERROR* dc_dmub_srv_log_diagnostic_data: DMCUB error - collecting diagnostic data
Jul 31 10:07:19 amo kernel: amdgpu 0000:c3:00.0: [drm] *ERROR* Error queueing DMUB command: status=2
Jul 31 10:07:19 amo kernel: amdgpu 0000:c3:00.0: [drm] *ERROR* dc_dmub_srv_log_diagnostic_data: DMCUB error - collecting diagnostic data
Jul 31 10:07:19 amo kernel: amdgpu 0000:c3:00.0: [drm] *ERROR* Error queueing DMUB command: status=2
Jul 31 10:07:19 amo kernel: amdgpu 0000:c3:00.0: [drm] *ERROR* dc_dmub_srv_log_diagnostic_data: DMCUB error - collecting diagnostic data
Jul 31 10:07:19 amo kernel: amdgpu 0000:c3:00.0: [drm] *ERROR* Error queueing DMUB command: status=2
Jul 31 10:07:19 amo kernel: amdgpu 0000:c3:00.0: [drm] *ERROR* dc_dmub_srv_log_diagnostic_data: DMCUB error - collecting diagnostic data
Jul 31 10:07:20 amo kernel: amdgpu 0000:c3:00.0: [drm] *ERROR* Error queueing DMUB command: status=2
Jul 31 10:07:20 amo kernel: amdgpu 0000:c3:00.0: [drm] *ERROR* dc_dmub_srv_log_diagnostic_data: DMCUB error - collecting diagnostic data
Jul 31 10:07:20 amo kernel: amdgpu 0000:c3:00.0: [drm] *ERROR* Error queueing DMUB command: status=2
Jul 31 10:07:20 amo kernel: amdgpu 0000:c3:00.0: [drm] *ERROR* dc_dmub_srv_log_diagnostic_data: DMCUB error - collecting diagnostic data
Jul 31 10:07:20 amo kernel: amdgpu 0000:c3:00.0: [drm] *ERROR* Error queueing DMUB command: status=2
Jul 31 10:07:20 amo kernel: amdgpu 0000:c3:00.0: [drm] *ERROR* dc_dmub_srv_log_diagnostic_data: DMCUB error - collecting diagnostic data
Jul 31 10:07:20 amo kernel: amdgpu 0000:c3:00.0: [drm] *ERROR* Error queueing DMUB command: status=2
Jul 31 10:07:20 amo kernel: amdgpu 0000:c3:00.0: [drm] *ERROR* dc_dmub_srv_log_diagnostic_data: DMCUB error - collecting diagnostic data
Jul 31 10:07:21 amo kernel: amdgpu 0000:c3:00.0: [drm] *ERROR* Error queueing DMUB command: status=2
Jul 31 10:07:21 amo kernel: amdgpu 0000:c3:00.0: [drm] *ERROR* dc_dmub_srv_log_diagnostic_data: DMCUB error - collecting diagnostic data
Jul 31 10:07:21 amo kernel: amdgpu 0000:c3:00.0: [drm] *ERROR* Error queueing DMUB command: status=2
Jul 31 10:07:21 amo kernel: amdgpu 0000:c3:00.0: [drm] *ERROR* dc_dmub_srv_log_diagnostic_data: DMCUB error - collecting diagnostic data
Jul 31 10:07:21 amo kernel: amdgpu 0000:c3:00.0: [drm] *ERROR* Error queueing DMUB command: status=2
Jul 31 10:07:21 amo kernel: amdgpu 0000:c3:00.0: [drm] *ERROR* dc_dmub_srv_log_diagnostic_data: DMCUB error - collecting diagnostic data
Jul 31 10:07:21 amo kernel: amdgpu 0000:c3:00.0: [drm] *ERROR* Error queueing DMUB command: status=2
Jul 31 10:07:21 amo kernel: amdgpu 0000:c3:00.0: [drm] *ERROR* dc_dmub_srv_log_diagnostic_data: DMCUB error - collecting diagnostic data
Jul 31 10:07:22 amo kernel: amdgpu 0000:c3:00.0: [drm] *ERROR* Error queueing DMUB command: status=2
Jul 31 10:07:22 amo kernel: amdgpu 0000:c3:00.0: [drm] *ERROR* dc_dmub_srv_log_diagnostic_data: DMCUB error - collecting diagnostic data
Jul 31 10:07:22 amo kernel: amdgpu 0000:c3:00.0: [drm] *ERROR* Error queueing DMUB command: status=2
Jul 31 10:07:22 amo kernel: amdgpu 0000:c3:00.0: [drm] *ERROR* dc_dmub_srv_log_diagnostic_data: DMCUB error - collecting diagnostic data
Jul 31 10:07:22 amo kernel: amdgpu 0000:c3:00.0: [drm] *ERROR* Error queueing DMUB command: status=2
Jul 31 10:07:22 amo kernel: amdgpu 0000:c3:00.0: [drm] *ERROR* dc_dmub_srv_log_diagnostic_data: DMCUB error - collecting diagnostic data
Jul 31 10:07:22 amo kernel: amdgpu 0000:c3:00.0: [drm] *ERROR* Error queueing DMUB command: status=2
Jul 31 10:07:22 amo kernel: amdgpu 0000:c3:00.0: [drm] *ERROR* dc_dmub_srv_log_diagnostic_data: DMCUB error - collecting diagnostic data
Jul 31 10:07:23 amo kernel: amdgpu 0000:c3:00.0: [drm] *ERROR* Error queueing DMUB command: status=2
Jul 31 10:07:23 amo kernel: amdgpu 0000:c3:00.0: [drm] *ERROR* dc_dmub_srv_log_diagnostic_data: DMCUB error - collecting diagnostic data
Jul 31 10:07:23 amo kernel: amdgpu 0000:c3:00.0: [drm] *ERROR* Error queueing DMUB command: status=2
Jul 31 10:07:23 amo kernel: amdgpu 0000:c3:00.0: [drm] *ERROR* dc_dmub_srv_log_diagnostic_data: DMCUB error - collecting diagnostic data
Jul 31 10:07:23 amo kernel: amdgpu 0000:c3:00.0: [drm] *ERROR* Error queueing DMUB command: status=2
Jul 31 10:07:23 amo kernel: amdgpu 0000:c3:00.0: [drm] *ERROR* dc_dmub_srv_log_diagnostic_data: DMCUB error - collecting diagnostic data
Jul 31 10:07:23 amo kernel: amdgpu 0000:c3:00.0: [drm] *ERROR* Error queueing DMUB command: status=2
Jul 31 10:07:23 amo kernel: amdgpu 0000:c3:00.0: [drm] *ERROR* dc_dmub_srv_log_diagnostic_data: DMCUB error - collecting diagnostic data
Jul 31 10:07:24 amo kernel: amdgpu 0000:c3:00.0: [drm] *ERROR* Error queueing DMUB command: status=2
Jul 31 10:07:24 amo kernel: amdgpu 0000:c3:00.0: [drm] *ERROR* dc_dmub_srv_log_diagnostic_data: DMCUB error - collecting diagnostic data
Jul 31 10:07:24 amo kernel: amdgpu 0000:c3:00.0: [drm] *ERROR* Error queueing DMUB command: status=2
Jul 31 10:07:24 amo kernel: amdgpu 0000:c3:00.0: [drm] *ERROR* dc_dmub_srv_log_diagnostic_data: DMCUB error - collecting diagnostic data
Jul 31 10:07:24 amo kernel: amdgpu 0000:c3:00.0: [drm] *ERROR* Error queueing DMUB command: status=2
Jul 31 10:07:24 amo kernel: amdgpu 0000:c3:00.0: [drm] *ERROR* dc_dmub_srv_log_diagnostic_data: DMCUB error - collecting diagnostic data
Jul 31 10:07:24 amo kernel: amdgpu 0000:c3:00.0: [drm] *ERROR* Error queueing DMUB command: status=2
Jul 31 10:07:24 amo kernel: amdgpu 0000:c3:00.0: [drm] *ERROR* dc_dmub_srv_log_diagnostic_data: DMCUB error - collecting diagnostic data
Jul 31 10:07:25 amo kernel: amdgpu 0000:c3:00.0: [drm] *ERROR* Error queueing DMUB command: status=2
Jul 31 10:07:25 amo kernel: amdgpu 0000:c3:00.0: [drm] *ERROR* dc_dmub_srv_log_diagnostic_data: DMCUB error - collecting diagnostic data
Jul 31 10:07:25 amo kernel: amdgpu 0000:c3:00.0: [drm] *ERROR* Error queueing DMUB command: status=2
Jul 31 10:07:25 amo kernel: amdgpu 0000:c3:00.0: [drm] *ERROR* dc_dmub_srv_log_diagnostic_data: DMCUB error - collecting diagnostic data
Jul 31 10:07:25 amo kernel: amdgpu 0000:c3:00.0: [drm] *ERROR* Error queueing DMUB command: status=2
Jul 31 10:07:25 amo kernel: amdgpu 0000:c3:00.0: [drm] *ERROR* dc_dmub_srv_log_diagnostic_data: DMCUB error - collecting diagnostic data
Jul 31 10:07:25 amo kernel: amdgpu 0000:c3:00.0: [drm] *ERROR* Error queueing DMUB command: status=2
Jul 31 10:07:25 amo kernel: amdgpu 0000:c3:00.0: [drm] *ERROR* dc_dmub_srv_log_diagnostic_data: DMCUB error - collecting diagnostic data
Jul 31 10:07:26 amo kernel: amdgpu 0000:c3:00.0: [drm] *ERROR* Error queueing DMUB command: status=2
Jul 31 10:07:26 amo kernel: amdgpu 0000:c3:00.0: [drm] *ERROR* dc_dmub_srv_log_diagnostic_data: DMCUB error - collecting diagnostic data
Jul 31 10:07:26 amo kernel: amdgpu 0000:c3:00.0: [drm] *ERROR* Error queueing DMUB command: status=2
Jul 31 10:07:26 amo kernel: amdgpu 0000:c3:00.0: [drm] *ERROR* dc_dmub_srv_log_diagnostic_data: DMCUB error - collecting diagnostic data
Jul 31 10:07:26 amo kernel: amdgpu 0000:c3:00.0: [drm] *ERROR* Error queueing DMUB command: status=2
Jul 31 10:07:26 amo kernel: amdgpu 0000:c3:00.0: [drm] *ERROR* dc_dmub_srv_log_diagnostic_data: DMCUB error - collecting diagnostic data
Jul 31 10:07:26 amo kernel: amdgpu 0000:c3:00.0: [drm] *ERROR* Error queueing DMUB command: status=2
Jul 31 10:07:26 amo kernel: amdgpu 0000:c3:00.0: [drm] *ERROR* dc_dmub_srv_log_diagnostic_data: DMCUB error - collecting diagnostic data
Jul 31 10:07:27 amo kernel: amdgpu 0000:c3:00.0: [drm] *ERROR* Error queueing DMUB command: status=2
Jul 31 10:07:27 amo kernel: amdgpu 0000:c3:00.0: [drm] *ERROR* dc_dmub_srv_log_diagnostic_data: DMCUB error - collecting diagnostic data
Jul 31 10:07:27 amo kernel: amdgpu 0000:c3:00.0: [drm] *ERROR* Error queueing DMUB command: status=2
Jul 31 10:07:27 amo kernel: amdgpu 0000:c3:00.0: [drm] *ERROR* dc_dmub_srv_log_diagnostic_data: DMCUB error - collecting diagnostic data
Jul 31 10:07:27 amo kernel: amdgpu 0000:c3:00.0: [drm] *ERROR* Error queueing DMUB command: status=2
Jul 31 10:07:27 amo kernel: amdgpu 0000:c3:00.0: [drm] *ERROR* dc_dmub_srv_log_diagnostic_data: DMCUB error - collecting diagnostic data
Jul 31 10:07:27 amo kernel: amdgpu 0000:c3:00.0: [drm] *ERROR* Error queueing DMUB command: status=2
Jul 31 10:07:27 amo kernel: amdgpu 0000:c3:00.0: [drm] *ERROR* dc_dmub_srv_log_diagnostic_data: DMCUB error - collecting diagnostic data
Jul 31 10:07:28 amo kernel: amdgpu 0000:c3:00.0: [drm] *ERROR* Error queueing DMUB command: status=2
Jul 31 10:07:28 amo kernel: amdgpu 0000:c3:00.0: [drm] *ERROR* dc_dmub_srv_log_diagnostic_data: DMCUB error - collecting diagnostic data
Jul 31 10:07:28 amo kernel: amdgpu 0000:c3:00.0: [drm] *ERROR* Error queueing DMUB command: status=2
Jul 31 10:07:28 amo kernel: amdgpu 0000:c3:00.0: [drm] *ERROR* dc_dmub_srv_log_diagnostic_data: DMCUB error - collecting diagnostic data
Jul 31 10:07:28 amo kernel: amdgpu 0000:c3:00.0: [drm] *ERROR* Error queueing DMUB command: status=2
Jul 31 10:07:28 amo kernel: amdgpu 0000:c3:00.0: [drm] *ERROR* dc_dmub_srv_log_diagnostic_data: DMCUB error - collecting diagnostic data
Jul 31 10:07:28 amo kernel: amdgpu 0000:c3:00.0: [drm] *ERROR* Error queueing DMUB command: status=2
Jul 31 10:07:28 amo kernel: amdgpu 0000:c3:00.0: [drm] *ERROR* dc_dmub_srv_log_diagnostic_data: DMCUB error - collecting diagnostic data
Jul 31 10:07:28 amo kernel: amdgpu 0000:c3:00.0: [drm] *ERROR* Error queueing DMUB command: status=2
Jul 31 10:07:28 amo kernel: amdgpu 0000:c3:00.0: [drm] *ERROR* dc_dmub_srv_log_diagnostic_data: DMCUB error - collecting diagnostic data
Jul 31 10:07:29 amo kernel: amdgpu 0000:c3:00.0: [drm] *ERROR* Error queueing DMUB command: status=2
Jul 31 10:07:29 amo kernel: amdgpu 0000:c3:00.0: [drm] *ERROR* dc_dmub_srv_log_diagnostic_data: DMCUB error - collecting diagnostic data
Jul 31 10:07:29 amo kernel: amdgpu 0000:c3:00.0: [drm] *ERROR* Error queueing DMUB command: status=2
Jul 31 10:07:29 amo kernel: amdgpu 0000:c3:00.0: [drm] *ERROR* dc_dmub_srv_log_diagnostic_data: DMCUB error - collecting diagnostic data
Jul 31 10:07:29 amo kernel: amdgpu 0000:c3:00.0: [drm] *ERROR* Error queueing DMUB command: status=2
Jul 31 10:07:29 amo kernel: amdgpu 0000:c3:00.0: [drm] *ERROR* dc_dmub_srv_log_diagnostic_data: DMCUB error - collecting diagnostic data
Jul 31 10:07:29 amo kernel: amdgpu 0000:c3:00.0: [drm] *ERROR* Error queueing DMUB command: status=2
Jul 31 10:07:29 amo kernel: amdgpu 0000:c3:00.0: [drm] *ERROR* dc_dmub_srv_log_diagnostic_data: DMCUB error - collecting diagnostic data
Jul 31 10:07:30 amo kernel: amdgpu 0000:c3:00.0: [drm] *ERROR* Error queueing DMUB command: status=2
Jul 31 10:07:30 amo kernel: amdgpu 0000:c3:00.0: [drm] *ERROR* dc_dmub_srv_log_diagnostic_data: DMCUB error - collecting diagnostic data
Jul 31 10:07:30 amo kernel: amdgpu 0000:c3:00.0: [drm] *ERROR* Error queueing DMUB command: status=2
Jul 31 10:07:30 amo kernel: amdgpu 0000:c3:00.0: [drm] *ERROR* dc_dmub_srv_log_diagnostic_data: DMCUB error - collecting diagnostic data
Jul 31 10:07:30 amo kernel: amdgpu 0000:c3:00.0: [drm] *ERROR* Error queueing DMUB command: status=2
Jul 31 10:07:30 amo kernel: amdgpu 0000:c3:00.0: [drm] *ERROR* dc_dmub_srv_log_diagnostic_data: DMCUB error - collecting diagnostic data
Jul 31 10:07:30 amo kernel: amdgpu 0000:c3:00.0: [drm] *ERROR* Error queueing DMUB command: status=2
Jul 31 10:07:30 amo kernel: amdgpu 0000:c3:00.0: [drm] *ERROR* dc_dmub_srv_log_diagnostic_data: DMCUB error - collecting diagnostic data
Jul 31 10:07:31 amo kernel: amdgpu 0000:c3:00.0: [drm] *ERROR* Error queueing DMUB command: status=2
Jul 31 10:07:31 amo kernel: amdgpu 0000:c3:00.0: [drm] *ERROR* dc_dmub_srv_log_diagnostic_data: DMCUB error - collecting diagnostic data
Jul 31 10:07:31 amo kernel: amdgpu 0000:c3:00.0: [drm] *ERROR* Error queueing DMUB command: status=2
Jul 31 10:07:31 amo kernel: amdgpu 0000:c3:00.0: [drm] *ERROR* dc_dmub_srv_log_diagnostic_data: DMCUB error - collecting diagnostic data
Jul 31 10:07:31 amo kernel: amdgpu 0000:c3:00.0: [drm] *ERROR* Error queueing DMUB command: status=2
Jul 31 10:07:31 amo kernel: amdgpu 0000:c3:00.0: [drm] *ERROR* dc_dmub_srv_log_diagnostic_data: DMCUB error - collecting diagnostic data
Jul 31 10:07:31 amo kernel: amdgpu 0000:c3:00.0: [drm] *ERROR* Error queueing DMUB command: status=2
Jul 31 10:07:31 amo kernel: amdgpu 0000:c3:00.0: [drm] *ERROR* dc_dmub_srv_log_diagnostic_data: DMCUB error - collecting diagnostic data
Jul 31 10:07:32 amo kernel: amdgpu 0000:c3:00.0: [drm] *ERROR* Error queueing DMUB command: status=2
Jul 31 10:07:32 amo kernel: amdgpu 0000:c3:00.0: [drm] *ERROR* dc_dmub_srv_log_diagnostic_data: DMCUB error - collecting diagnostic data
Jul 31 10:07:32 amo kernel: amdgpu 0000:c3:00.0: [drm] *ERROR* Error queueing DMUB command: status=2
Jul 31 10:07:32 amo kernel: amdgpu 0000:c3:00.0: [drm] *ERROR* dc_dmub_srv_log_diagnostic_data: DMCUB error - collecting diagnostic data
Jul 31 10:07:32 amo kernel: amdgpu 0000:c3:00.0: [drm] *ERROR* Error queueing DMUB command: status=2
Jul 31 10:07:32 amo kernel: amdgpu 0000:c3:00.0: [drm] *ERROR* dc_dmub_srv_log_diagnostic_data: DMCUB error - collecting diagnostic data
Jul 31 10:07:32 amo kernel: amdgpu 0000:c3:00.0: [drm] *ERROR* Error queueing DMUB command: status=2
Jul 31 10:07:32 amo kernel: amdgpu 0000:c3:00.0: [drm] *ERROR* dc_dmub_srv_log_diagnostic_data: DMCUB error - collecting diagnostic data
Jul 31 10:07:33 amo kernel: amdgpu 0000:c3:00.0: [drm] *ERROR* Error queueing DMUB command: status=2
Jul 31 10:07:33 amo kernel: amdgpu 0000:c3:00.0: [drm] *ERROR* dc_dmub_srv_log_diagnostic_data: DMCUB error - collecting diagnostic data
Jul 31 10:07:33 amo kernel: amdgpu 0000:c3:00.0: [drm] *ERROR* Error queueing DMUB command: status=2
Jul 31 10:07:33 amo kernel: amdgpu 0000:c3:00.0: [drm] *ERROR* dc_dmub_srv_log_diagnostic_data: DMCUB error - collecting diagnostic data
Jul 31 10:07:33 amo kernel: amdgpu 0000:c3:00.0: [drm] *ERROR* Error queueing DMUB command: status=2
Jul 31 10:07:33 amo kernel: amdgpu 0000:c3:00.0: [drm] *ERROR* dc_dmub_srv_log_diagnostic_data: DMCUB error - collecting diagnostic data
Jul 31 10:07:33 amo kernel: amdgpu 0000:c3:00.0: [drm] *ERROR* Error queueing DMUB command: status=2
Jul 31 10:07:33 amo kernel: amdgpu 0000:c3:00.0: [drm] *ERROR* dc_dmub_srv_log_diagnostic_data: DMCUB error - collecting diagnostic data
Jul 31 10:07:34 amo kernel: amdgpu 0000:c3:00.0: [drm] *ERROR* Error queueing DMUB command: status=2
Jul 31 10:07:34 amo kernel: amdgpu 0000:c3:00.0: [drm] *ERROR* dc_dmub_srv_log_diagnostic_data: DMCUB error - collecting diagnostic data
Jul 31 10:07:34 amo kernel: amdgpu 0000:c3:00.0: [drm] *ERROR* Error queueing DMUB command: status=2
Jul 31 10:07:34 amo kernel: amdgpu 0000:c3:00.0: [drm] *ERROR* dc_dmub_srv_log_diagnostic_data: DMCUB error - collecting diagnostic data
Jul 31 10:07:34 amo kernel: amdgpu 0000:c3:00.0: [drm] *ERROR* Error queueing DMUB command: status=2
Jul 31 10:07:34 amo kernel: amdgpu 0000:c3:00.0: [drm] *ERROR* dc_dmub_srv_log_diagnostic_data: DMCUB error - collecting diagnostic data
Jul 31 10:07:34 amo kernel: amdgpu 0000:c3:00.0: [drm] *ERROR* Error queueing DMUB command: status=2
Jul 31 10:07:34 amo kernel: amdgpu 0000:c3:00.0: [drm] *ERROR* dc_dmub_srv_log_diagnostic_data: DMCUB error - collecting diagnostic data
Jul 31 10:07:35 amo kernel: amdgpu 0000:c3:00.0: [drm] *ERROR* Error queueing DMUB command: status=2
Jul 31 10:07:35 amo kernel: amdgpu 0000:c3:00.0: [drm] *ERROR* dc_dmub_srv_log_diagnostic_data: DMCUB error - collecting diagnostic data
Jul 31 10:07:35 amo kernel: amdgpu 0000:c3:00.0: [drm] *ERROR* Error queueing DMUB command: status=2
Jul 31 10:07:35 amo kernel: amdgpu 0000:c3:00.0: [drm] *ERROR* dc_dmub_srv_log_diagnostic_data: DMCUB error - collecting diagnostic data
Jul 31 10:07:35 amo kernel: amdgpu 0000:c3:00.0: [drm] *ERROR* Error queueing DMUB command: status=2
Jul 31 10:07:35 amo kernel: amdgpu 0000:c3:00.0: [drm] *ERROR* dc_dmub_srv_log_diagnostic_data: DMCUB error - collecting diagnostic data
Jul 31 10:07:35 amo kernel: amdgpu 0000:c3:00.0: [drm] *ERROR* Error queueing DMUB command: status=2
Jul 31 10:07:35 amo kernel: amdgpu 0000:c3:00.0: [drm] *ERROR* dc_dmub_srv_log_diagnostic_data: DMCUB error - collecting diagnostic data
Jul 31 10:07:36 amo kernel: amdgpu 0000:c3:00.0: [drm] *ERROR* Error queueing DMUB command: status=2
Jul 31 10:07:36 amo kernel: amdgpu 0000:c3:00.0: [drm] *ERROR* dc_dmub_srv_log_diagnostic_data: DMCUB error - collecting diagnostic data
Jul 31 10:07:36 amo kernel: amdgpu 0000:c3:00.0: [drm] *ERROR* Error queueing DMUB command: status=2
Jul 31 10:07:36 amo kernel: amdgpu 0000:c3:00.0: [drm] *ERROR* dc_dmub_srv_log_diagnostic_data: DMCUB error - collecting diagnostic data
Jul 31 10:07:36 amo kernel: amdgpu 0000:c3:00.0: [drm] *ERROR* Error queueing DMUB command: status=2
Jul 31 10:07:36 amo kernel: amdgpu 0000:c3:00.0: [drm] *ERROR* dc_dmub_srv_log_diagnostic_data: DMCUB error - collecting diagnostic data
Jul 31 10:07:36 amo kernel: amdgpu 0000:c3:00.0: [drm] *ERROR* Error queueing DMUB command: status=2
Jul 31 10:07:36 amo kernel: amdgpu 0000:c3:00.0: [drm] *ERROR* dc_dmub_srv_log_diagnostic_data: DMCUB error - collecting diagnostic data
Jul 31 10:07:37 amo kernel: amdgpu 0000:c3:00.0: [drm] *ERROR* Error queueing DMUB command: status=2
Jul 31 10:07:37 amo kernel: amdgpu 0000:c3:00.0: [drm] *ERROR* dc_dmub_srv_log_diagnostic_data: DMCUB error - collecting diagnostic data
Jul 31 10:07:37 amo kernel: amdgpu 0000:c3:00.0: [drm] *ERROR* Error queueing DMUB command: status=2
Jul 31 10:07:37 amo kernel: amdgpu 0000:c3:00.0: [drm] *ERROR* dc_dmub_srv_log_diagnostic_data: DMCUB error - collecting diagnostic data
Jul 31 10:07:37 amo kernel: amdgpu 0000:c3:00.0: [drm] *ERROR* Error queueing DMUB command: status=2
Jul 31 10:07:37 amo kernel: amdgpu 0000:c3:00.0: [drm] *ERROR* dc_dmub_srv_log_diagnostic_data: DMCUB error - collecting diagnostic data
Jul 31 10:07:37 amo kernel: amdgpu 0000:c3:00.0: [drm] *ERROR* Error queueing DMUB command: status=2
Jul 31 10:07:37 amo kernel: amdgpu 0000:c3:00.0: [drm] *ERROR* dc_dmub_srv_log_diagnostic_data: DMCUB error - collecting diagnostic data
Jul 31 10:07:38 amo kernel: amdgpu 0000:c3:00.0: [drm] *ERROR* Error queueing DMUB command: status=2
Jul 31 10:07:38 amo kernel: amdgpu 0000:c3:00.0: [drm] *ERROR* dc_dmub_srv_log_diagnostic_data: DMCUB error - collecting diagnostic data
Jul 31 10:07:38 amo kernel: amdgpu 0000:c3:00.0: [drm] *ERROR* Error queueing DMUB command: status=2
Jul 31 10:07:38 amo kernel: amdgpu 0000:c3:00.0: [drm] *ERROR* dc_dmub_srv_log_diagnostic_data: DMCUB error - collecting diagnostic data
Jul 31 10:07:38 amo kernel: amdgpu 0000:c3:00.0: [drm] *ERROR* Error queueing DMUB command: status=2
Jul 31 10:07:38 amo kernel: amdgpu 0000:c3:00.0: [drm] *ERROR* dc_dmub_srv_log_diagnostic_data: DMCUB error - collecting diagnostic data
Jul 31 10:07:39 amo kernel: amdgpu 0000:c3:00.0: [drm] *ERROR* Error queueing DMUB command: status=2
Jul 31 10:07:39 amo kernel: amdgpu 0000:c3:00.0: [drm] *ERROR* dc_dmub_srv_log_diagnostic_data: DMCUB error - collecting diagnostic data
Jul 31 10:07:39 amo kernel: amdgpu 0000:c3:00.0: [drm] *ERROR* Error queueing DMUB command: status=2
Jul 31 10:07:39 amo kernel: amdgpu 0000:c3:00.0: [drm] *ERROR* dc_dmub_srv_log_diagnostic_data: DMCUB error - collecting diagnostic data
Jul 31 10:07:39 amo kernel: amdgpu 0000:c3:00.0: [drm] *ERROR* Error queueing DMUB command: status=2
Jul 31 10:07:39 amo kernel: amdgpu 0000:c3:00.0: [drm] *ERROR* dc_dmub_srv_log_diagnostic_data: DMCUB error - collecting diagnostic data
Jul 31 10:07:39 amo kernel: amdgpu 0000:c3:00.0: [drm] *ERROR* Error queueing DMUB command: status=2
Jul 31 10:07:39 amo kernel: amdgpu 0000:c3:00.0: [drm] *ERROR* dc_dmub_srv_log_diagnostic_data: DMCUB error - collecting diagnostic data
Jul 31 10:07:40 amo kernel: amdgpu 0000:c3:00.0: [drm] *ERROR* Error queueing DMUB command: status=2
Jul 31 10:07:40 amo kernel: amdgpu 0000:c3:00.0: [drm] *ERROR* dc_dmub_srv_log_diagnostic_data: DMCUB error - collecting diagnostic data
Jul 31 10:07:40 amo kernel: amdgpu 0000:c3:00.0: [drm] *ERROR* Error queueing DMUB command: status=2
Jul 31 10:07:40 amo kernel: amdgpu 0000:c3:00.0: [drm] *ERROR* dc_dmub_srv_log_diagnostic_data: DMCUB error - collecting diagnostic data
Jul 31 10:07:40 amo kernel: amdgpu 0000:c3:00.0: [drm] *ERROR* Error queueing DMUB command: status=2
Jul 31 10:07:40 amo kernel: amdgpu 0000:c3:00.0: [drm] *ERROR* dc_dmub_srv_log_diagnostic_data: DMCUB error - collecting diagnostic data
Jul 31 10:07:40 amo kernel: amdgpu 0000:c3:00.0: [drm] *ERROR* Error queueing DMUB command: status=2
Jul 31 10:07:40 amo kernel: amdgpu 0000:c3:00.0: [drm] *ERROR* dc_dmub_srv_log_diagnostic_data: DMCUB error - collecting diagnostic data
Jul 31 10:07:41 amo kernel: amdgpu 0000:c3:00.0: [drm] *ERROR* Error queueing DMUB command: status=2
Jul 31 10:07:41 amo kernel: amdgpu 0000:c3:00.0: [drm] *ERROR* dc_dmub_srv_log_diagnostic_data: DMCUB error - collecting diagnostic data
Jul 31 10:07:41 amo kernel: amdgpu 0000:c3:00.0: [drm] *ERROR* Error queueing DMUB command: status=2
Jul 31 10:07:41 amo kernel: amdgpu 0000:c3:00.0: [drm] *ERROR* dc_dmub_srv_log_diagnostic_data: DMCUB error - collecting diagnostic data
Jul 31 10:07:41 amo kernel: amdgpu 0000:c3:00.0: [drm] *ERROR* Error queueing DMUB command: status=2
Jul 31 10:07:41 amo kernel: amdgpu 0000:c3:00.0: [drm] *ERROR* dc_dmub_srv_log_diagnostic_data: DMCUB error - collecting diagnostic data
Jul 31 10:07:42 amo kernel: amdgpu 0000:c3:00.0: [drm] *ERROR* Error queueing DMUB command: status=2
Jul 31 10:07:42 amo kernel: amdgpu 0000:c3:00.0: [drm] *ERROR* dc_dmub_srv_log_diagnostic_data: DMCUB error - collecting diagnostic data
Jul 31 10:07:42 amo kernel: amdgpu 0000:c3:00.0: [drm] *ERROR* Error queueing DMUB command: status=2
Jul 31 10:07:42 amo kernel: amdgpu 0000:c3:00.0: [drm] *ERROR* dc_dmub_srv_log_diagnostic_data: DMCUB error - collecting diagnostic data
Jul 31 10:07:42 amo kernel: amdgpu 0000:c3:00.0: [drm] *ERROR* Error queueing DMUB command: status=2
Jul 31 10:07:42 amo kernel: amdgpu 0000:c3:00.0: [drm] *ERROR* dc_dmub_srv_log_diagnostic_data: DMCUB error - collecting diagnostic data
Jul 31 10:07:42 amo kernel: amdgpu 0000:c3:00.0: [drm] *ERROR* Error queueing DMUB command: status=2
Jul 31 10:07:42 amo kernel: amdgpu 0000:c3:00.0: [drm] *ERROR* dc_dmub_srv_log_diagnostic_data: DMCUB error - collecting diagnostic data
Jul 31 10:07:43 amo kernel: amdgpu 0000:c3:00.0: [drm] *ERROR* Error queueing DMUB command: status=2
Jul 31 10:07:43 amo kernel: amdgpu 0000:c3:00.0: [drm] *ERROR* dc_dmub_srv_log_diagnostic_data: DMCUB error - collecting diagnostic data
Jul 31 10:07:43 amo kernel: amdgpu 0000:c3:00.0: [drm] *ERROR* Error queueing DMUB command: status=2
Jul 31 10:07:43 amo kernel: amdgpu 0000:c3:00.0: [drm] *ERROR* dc_dmub_srv_log_diagnostic_data: DMCUB error - collecting diagnostic data
Jul 31 10:07:43 amo kernel: amdgpu 0000:c3:00.0: [drm] *ERROR* Error queueing DMUB command: status=2
Jul 31 10:07:43 amo kernel: amdgpu 0000:c3:00.0: [drm] *ERROR* dc_dmub_srv_log_diagnostic_data: DMCUB error - collecting diagnostic data
Jul 31 10:07:44 amo kernel: amdgpu 0000:c3:00.0: [drm] *ERROR* Error queueing DMUB command: status=2
Jul 31 10:07:44 amo kernel: amdgpu 0000:c3:00.0: [drm] *ERROR* dc_dmub_srv_log_diagnostic_data: DMCUB error - collecting diagnostic data
Jul 31 10:07:44 amo kernel: amdgpu 0000:c3:00.0: [drm] *ERROR* Error queueing DMUB command: status=2
Jul 31 10:07:44 amo kernel: amdgpu 0000:c3:00.0: [drm] *ERROR* dc_dmub_srv_log_diagnostic_data: DMCUB error - collecting diagnostic data
Jul 31 10:07:44 amo kernel: amdgpu 0000:c3:00.0: [drm] *ERROR* Error queueing DMUB command: status=2
Jul 31 10:07:44 amo kernel: amdgpu 0000:c3:00.0: [drm] *ERROR* dc_dmub_srv_log_diagnostic_data: DMCUB error - collecting diagnostic data
Jul 31 10:07:44 amo kernel: amdgpu 0000:c3:00.0: [drm] *ERROR* Error queueing DMUB command: status=2
Jul 31 10:07:44 amo kernel: amdgpu 0000:c3:00.0: [drm] *ERROR* dc_dmub_srv_log_diagnostic_data: DMCUB error - collecting diagnostic data
Jul 31 10:07:45 amo kernel: amdgpu 0000:c3:00.0: [drm] *ERROR* Error queueing DMUB command: status=2
Jul 31 10:07:45 amo kernel: amdgpu 0000:c3:00.0: [drm] *ERROR* dc_dmub_srv_log_diagnostic_data: DMCUB error - collecting diagnostic data
Jul 31 10:07:45 amo kernel: amdgpu 0000:c3:00.0: [drm] *ERROR* Error queueing DMUB command: status=2
Jul 31 10:07:45 amo kernel: amdgpu 0000:c3:00.0: [drm] *ERROR* dc_dmub_srv_log_diagnostic_data: DMCUB error - collecting diagnostic data
Jul 31 10:07:45 amo kernel: amdgpu 0000:c3:00.0: [drm] *ERROR* Error queueing DMUB command: status=2
Jul 31 10:07:45 amo kernel: amdgpu 0000:c3:00.0: [drm] *ERROR* dc_dmub_srv_log_diagnostic_data: DMCUB error - collecting diagnostic data
Jul 31 10:07:45 amo kernel: amdgpu 0000:c3:00.0: [drm] *ERROR* Error queueing DMUB command: status=2
Jul 31 10:07:45 amo kernel: amdgpu 0000:c3:00.0: [drm] *ERROR* dc_dmub_srv_log_diagnostic_data: DMCUB error - collecting diagnostic data
Jul 31 10:07:46 amo kernel: amdgpu 0000:c3:00.0: [drm] *ERROR* Error queueing DMUB command: status=2
Jul 31 10:07:46 amo kernel: amdgpu 0000:c3:00.0: [drm] *ERROR* dc_dmub_srv_log_diagnostic_data: DMCUB error - collecting diagnostic data
Jul 31 10:07:46 amo kernel: amdgpu 0000:c3:00.0: [drm] *ERROR* Error queueing DMUB command: status=2
Jul 31 10:07:46 amo kernel: amdgpu 0000:c3:00.0: [drm] *ERROR* dc_dmub_srv_log_diagnostic_data: DMCUB error - collecting diagnostic data
Jul 31 10:07:46 amo kernel: amdgpu 0000:c3:00.0: [drm] *ERROR* Error queueing DMUB command: status=2
Jul 31 10:07:46 amo kernel: amdgpu 0000:c3:00.0: [drm] *ERROR* dc_dmub_srv_log_diagnostic_data: DMCUB error - collecting diagnostic data
Jul 31 10:07:47 amo kernel: amdgpu 0000:c3:00.0: [drm] *ERROR* Error queueing DMUB command: status=2
Jul 31 10:07:47 amo kernel: amdgpu 0000:c3:00.0: [drm] *ERROR* dc_dmub_srv_log_diagnostic_data: DMCUB error - collecting diagnostic data
Jul 31 10:07:47 amo kernel: amdgpu 0000:c3:00.0: [drm] *ERROR* Error queueing DMUB command: status=2
Jul 31 10:07:47 amo kernel: amdgpu 0000:c3:00.0: [drm] *ERROR* dc_dmub_srv_log_diagnostic_data: DMCUB error - collecting diagnostic data
Jul 31 10:07:47 amo kernel: amdgpu 0000:c3:00.0: [drm] *ERROR* Error queueing DMUB command: status=2
Jul 31 10:07:47 amo kernel: amdgpu 0000:c3:00.0: [drm] *ERROR* dc_dmub_srv_log_diagnostic_data: DMCUB error - collecting diagnostic data
Jul 31 10:07:47 amo kernel: amdgpu 0000:c3:00.0: [drm] *ERROR* Error queueing DMUB command: status=2
Jul 31 10:07:47 amo kernel: amdgpu 0000:c3:00.0: [drm] *ERROR* dc_dmub_srv_log_diagnostic_data: DMCUB error - collecting diagnostic data
Jul 31 10:07:48 amo kernel: amdgpu 0000:c3:00.0: [drm] *ERROR* Error queueing DMUB command: status=2
Jul 31 10:07:48 amo kernel: amdgpu 0000:c3:00.0: [drm] *ERROR* dc_dmub_srv_log_diagnostic_data: DMCUB error - collecting diagnostic data
Jul 31 10:07:48 amo kernel: amdgpu 0000:c3:00.0: [drm] *ERROR* Error queueing DMUB command: status=2
Jul 31 10:07:48 amo kernel: amdgpu 0000:c3:00.0: [drm] *ERROR* dc_dmub_srv_log_diagnostic_data: DMCUB error - collecting diagnostic data
Jul 31 10:07:48 amo kernel: amdgpu 0000:c3:00.0: [drm] *ERROR* Error queueing DMUB command: status=2
Jul 31 10:07:48 amo kernel: amdgpu 0000:c3:00.0: [drm] *ERROR* dc_dmub_srv_log_diagnostic_data: DMCUB error - collecting diagnostic data
Jul 31 10:07:49 amo kernel: amdgpu 0000:c3:00.0: [drm] *ERROR* Error queueing DMUB command: status=2
Jul 31 10:07:49 amo kernel: amdgpu 0000:c3:00.0: [drm] *ERROR* dc_dmub_srv_log_diagnostic_data: DMCUB error - collecting diagnostic data
Jul 31 10:07:49 amo kernel: amdgpu 0000:c3:00.0: [drm] *ERROR* Error queueing DMUB command: status=2
Jul 31 10:07:49 amo kernel: amdgpu 0000:c3:00.0: [drm] *ERROR* dc_dmub_srv_log_diagnostic_data: DMCUB error - collecting diagnostic data
Jul 31 10:07:49 amo kernel: amdgpu 0000:c3:00.0: [drm] *ERROR* Error queueing DMUB command: status=2
Jul 31 10:07:49 amo kernel: amdgpu 0000:c3:00.0: [drm] *ERROR* dc_dmub_srv_log_diagnostic_data: DMCUB error - collecting diagnostic data
Jul 31 10:07:49 amo kernel: amdgpu 0000:c3:00.0: [drm] *ERROR* Error queueing DMUB command: status=2
Jul 31 10:07:49 amo kernel: amdgpu 0000:c3:00.0: [drm] *ERROR* dc_dmub_srv_log_diagnostic_data: DMCUB error - collecting diagnostic data
Jul 31 10:07:50 amo kernel: amdgpu 0000:c3:00.0: [drm] *ERROR* Error queueing DMUB command: status=2
Jul 31 10:07:50 amo kernel: amdgpu 0000:c3:00.0: [drm] *ERROR* dc_dmub_srv_log_diagnostic_data: DMCUB error - collecting diagnostic data
Jul 31 10:07:50 amo kernel: amdgpu 0000:c3:00.0: [drm] *ERROR* Error queueing DMUB command: status=2
Jul 31 10:07:50 amo kernel: amdgpu 0000:c3:00.0: [drm] *ERROR* dc_dmub_srv_log_diagnostic_data: DMCUB error - collecting diagnostic data
Jul 31 10:07:50 amo kernel: amdgpu 0000:c3:00.0: [drm] *ERROR* Error queueing DMUB command: status=2
Jul 31 10:07:50 amo kernel: amdgpu 0000:c3:00.0: [drm] *ERROR* dc_dmub_srv_log_diagnostic_data: DMCUB error - collecting diagnostic data
Jul 31 10:07:51 amo kernel: amdgpu 0000:c3:00.0: [drm] *ERROR* Error queueing DMUB command: status=2
Jul 31 10:07:51 amo kernel: amdgpu 0000:c3:00.0: [drm] *ERROR* dc_dmub_srv_log_diagnostic_data: DMCUB error - collecting diagnostic data
Jul 31 10:07:51 amo kernel: amdgpu 0000:c3:00.0: [drm] *ERROR* Error queueing DMUB command: status=2
Jul 31 10:07:51 amo kernel: amdgpu 0000:c3:00.0: [drm] *ERROR* dc_dmub_srv_log_diagnostic_data: DMCUB error - collecting diagnostic data
Jul 31 10:07:51 amo kernel: amdgpu 0000:c3:00.0: [drm] *ERROR* Error queueing DMUB command: status=2
Jul 31 10:07:51 amo kernel: amdgpu 0000:c3:00.0: [drm] *ERROR* dc_dmub_srv_log_diagnostic_data: DMCUB error - collecting diagnostic data
Jul 31 10:07:51 amo kernel: amdgpu 0000:c3:00.0: [drm] *ERROR* Error queueing DMUB command: status=2
Jul 31 10:07:51 amo kernel: amdgpu 0000:c3:00.0: [drm] *ERROR* dc_dmub_srv_log_diagnostic_data: DMCUB error - collecting diagnostic data
Jul 31 10:07:52 amo kernel: amdgpu 0000:c3:00.0: [drm] *ERROR* Error queueing DMUB command: status=2
Jul 31 10:07:52 amo kernel: amdgpu 0000:c3:00.0: [drm] *ERROR* dc_dmub_srv_log_diagnostic_data: DMCUB error - collecting diagnostic data
Jul 31 10:07:52 amo kernel: amdgpu 0000:c3:00.0: [drm] *ERROR* Error queueing DMUB command: status=2
Jul 31 10:07:52 amo kernel: amdgpu 0000:c3:00.0: [drm] *ERROR* dc_dmub_srv_log_diagnostic_data: DMCUB error - collecting diagnostic data
Jul 31 10:07:52 amo kernel: amdgpu 0000:c3:00.0: [drm] *ERROR* Error queueing DMUB command: status=2
Jul 31 10:07:52 amo kernel: amdgpu 0000:c3:00.0: [drm] *ERROR* dc_dmub_srv_log_diagnostic_data: DMCUB error - collecting diagnostic data
Jul 31 10:07:52 amo kernel: amdgpu 0000:c3:00.0: [drm] *ERROR* Error queueing DMUB command: status=2
Jul 31 10:07:52 amo kernel: amdgpu 0000:c3:00.0: [drm] *ERROR* dc_dmub_srv_log_diagnostic_data: DMCUB error - collecting diagnostic data
Jul 31 10:07:53 amo kernel: amdgpu 0000:c3:00.0: [drm] *ERROR* Error queueing DMUB command: status=2
Jul 31 10:07:53 amo kernel: amdgpu 0000:c3:00.0: [drm] *ERROR* dc_dmub_srv_log_diagnostic_data: DMCUB error - collecting diagnostic data
Jul 31 10:07:53 amo kernel: amdgpu 0000:c3:00.0: [drm] *ERROR* Error queueing DMUB command: status=2
Jul 31 10:07:53 amo kernel: amdgpu 0000:c3:00.0: [drm] *ERROR* dc_dmub_srv_log_diagnostic_data: DMCUB error - collecting diagnostic data
Jul 31 10:07:53 amo kernel: amdgpu 0000:c3:00.0: [drm] *ERROR* Error queueing DMUB command: status=2
Jul 31 10:07:53 amo kernel: amdgpu 0000:c3:00.0: [drm] *ERROR* dc_dmub_srv_log_diagnostic_data: DMCUB error - collecting diagnostic data
Jul 31 10:07:54 amo kernel: amdgpu 0000:c3:00.0: [drm] *ERROR* Error queueing DMUB command: status=2
Jul 31 10:07:54 amo kernel: amdgpu 0000:c3:00.0: [drm] *ERROR* dc_dmub_srv_log_diagnostic_data: DMCUB error - collecting diagnostic data
Jul 31 10:07:54 amo kernel: amdgpu 0000:c3:00.0: [drm] *ERROR* Error queueing DMUB command: status=2
Jul 31 10:07:54 amo kernel: amdgpu 0000:c3:00.0: [drm] *ERROR* dc_dmub_srv_log_diagnostic_data: DMCUB error - collecting diagnostic data
Jul 31 10:07:54 amo kernel: amdgpu 0000:c3:00.0: [drm] *ERROR* Error queueing DMUB command: status=2
Jul 31 10:07:54 amo kernel: amdgpu 0000:c3:00.0: [drm] *ERROR* dc_dmub_srv_log_diagnostic_data: DMCUB error - collecting diagnostic data
Jul 31 10:07:54 amo kernel: amdgpu 0000:c3:00.0: [drm] *ERROR* Error queueing DMUB command: status=2
Jul 31 10:07:54 amo kernel: amdgpu 0000:c3:00.0: [drm] *ERROR* dc_dmub_srv_log_diagnostic_data: DMCUB error - collecting diagnostic data
Jul 31 10:07:55 amo kernel: amdgpu 0000:c3:00.0: [drm] *ERROR* Error queueing DMUB command: status=2
Jul 31 10:07:55 amo kernel: amdgpu 0000:c3:00.0: [drm] *ERROR* dc_dmub_srv_log_diagnostic_data: DMCUB error - collecting diagnostic data
Jul 31 10:07:55 amo kernel: amdgpu 0000:c3:00.0: [drm] *ERROR* Error queueing DMUB command: status=2
Jul 31 10:07:55 amo kernel: amdgpu 0000:c3:00.0: [drm] *ERROR* dc_dmub_srv_log_diagnostic_data: DMCUB error - collecting diagnostic data
Jul 31 10:07:55 amo kernel: amdgpu 0000:c3:00.0: [drm] *ERROR* Error queueing DMUB command: status=2
Jul 31 10:07:55 amo kernel: amdgpu 0000:c3:00.0: [drm] *ERROR* dc_dmub_srv_log_diagnostic_data: DMCUB error - collecting diagnostic data
Jul 31 10:07:56 amo kernel: amdgpu 0000:c3:00.0: [drm] *ERROR* Error queueing DMUB command: status=2
Jul 31 10:07:56 amo kernel: amdgpu 0000:c3:00.0: [drm] *ERROR* dc_dmub_srv_log_diagnostic_data: DMCUB error - collecting diagnostic data
Jul 31 10:07:56 amo kernel: amdgpu 0000:c3:00.0: [drm] *ERROR* Error queueing DMUB command: status=2
Jul 31 10:07:56 amo kernel: amdgpu 0000:c3:00.0: [drm] *ERROR* dc_dmub_srv_log_diagnostic_data: DMCUB error - collecting diagnostic data
Jul 31 10:07:56 amo kernel: amdgpu 0000:c3:00.0: [drm] *ERROR* Error queueing DMUB command: status=2
Jul 31 10:07:56 amo kernel: amdgpu 0000:c3:00.0: [drm] *ERROR* dc_dmub_srv_log_diagnostic_data: DMCUB error - collecting diagnostic data
Jul 31 10:07:56 amo kernel: amdgpu 0000:c3:00.0: [drm] *ERROR* Error queueing DMUB command: status=2
Jul 31 10:07:56 amo kernel: amdgpu 0000:c3:00.0: [drm] *ERROR* dc_dmub_srv_log_diagnostic_data: DMCUB error - collecting diagnostic data
Jul 31 10:07:57 amo kernel: amdgpu 0000:c3:00.0: [drm] *ERROR* Error queueing DMUB command: status=2
Jul 31 10:07:57 amo kernel: amdgpu 0000:c3:00.0: [drm] *ERROR* dc_dmub_srv_log_diagnostic_data: DMCUB error - collecting diagnostic data
Jul 31 10:07:57 amo kernel: amdgpu 0000:c3:00.0: [drm] *ERROR* Error queueing DMUB command: status=2
Jul 31 10:07:57 amo kernel: amdgpu 0000:c3:00.0: [drm] *ERROR* dc_dmub_srv_log_diagnostic_data: DMCUB error - collecting diagnostic data
Jul 31 10:07:57 amo kernel: amdgpu 0000:c3:00.0: [drm] *ERROR* Error queueing DMUB command: status=2
Jul 31 10:07:57 amo kernel: amdgpu 0000:c3:00.0: [drm] *ERROR* dc_dmub_srv_log_diagnostic_data: DMCUB error - collecting diagnostic data
Jul 31 10:07:58 amo kernel: amdgpu 0000:c3:00.0: [drm] *ERROR* Error queueing DMUB command: status=2
Jul 31 10:07:58 amo kernel: amdgpu 0000:c3:00.0: [drm] *ERROR* dc_dmub_srv_log_diagnostic_data: DMCUB error - collecting diagnostic data
Jul 31 10:07:58 amo kernel: amdgpu 0000:c3:00.0: [drm] *ERROR* Error queueing DMUB command: status=2
Jul 31 10:07:58 amo kernel: amdgpu 0000:c3:00.0: [drm] *ERROR* dc_dmub_srv_log_diagnostic_data: DMCUB error - collecting diagnostic data
Jul 31 10:07:58 amo kernel: amdgpu 0000:c3:00.0: [drm] *ERROR* Error queueing DMUB command: status=2
Jul 31 10:07:58 amo kernel: amdgpu 0000:c3:00.0: [drm] *ERROR* dc_dmub_srv_log_diagnostic_data: DMCUB error - collecting diagnostic data
Jul 31 10:07:58 amo kernel: amdgpu 0000:c3:00.0: [drm] *ERROR* Error queueing DMUB command: status=2
Jul 31 10:07:58 amo kernel: amdgpu 0000:c3:00.0: [drm] *ERROR* dc_dmub_srv_log_diagnostic_data: DMCUB error - collecting diagnostic data
Jul 31 10:07:59 amo kernel: amdgpu 0000:c3:00.0: [drm] *ERROR* Error queueing DMUB command: status=2
Jul 31 10:07:59 amo kernel: amdgpu 0000:c3:00.0: [drm] *ERROR* dc_dmub_srv_log_diagnostic_data: DMCUB error - collecting diagnostic data
Jul 31 10:07:59 amo kernel: amdgpu 0000:c3:00.0: [drm] *ERROR* Error queueing DMUB command: status=2
Jul 31 10:07:59 amo kernel: amdgpu 0000:c3:00.0: [drm] *ERROR* dc_dmub_srv_log_diagnostic_data: DMCUB error - collecting diagnostic data
Jul 31 10:07:59 amo kernel: amdgpu 0000:c3:00.0: [drm] *ERROR* Error queueing DMUB command: status=2
Jul 31 10:07:59 amo kernel: amdgpu 0000:c3:00.0: [drm] *ERROR* dc_dmub_srv_log_diagnostic_data: DMCUB error - collecting diagnostic data
Jul 31 10:07:59 amo kernel: amdgpu 0000:c3:00.0: [drm] *ERROR* Error queueing DMUB command: status=2
Jul 31 10:07:59 amo kernel: amdgpu 0000:c3:00.0: [drm] *ERROR* dc_dmub_srv_log_diagnostic_data: DMCUB error - collecting diagnostic data
Jul 31 10:08:00 amo kernel: amdgpu 0000:c3:00.0: [drm] *ERROR* Error queueing DMUB command: status=2
Jul 31 10:08:00 amo kernel: amdgpu 0000:c3:00.0: [drm] *ERROR* dc_dmub_srv_log_diagnostic_data: DMCUB error - collecting diagnostic data
Jul 31 10:08:00 amo kernel: amdgpu 0000:c3:00.0: [drm] *ERROR* Error queueing DMUB command: status=2
Jul 31 10:08:00 amo kernel: amdgpu 0000:c3:00.0: [drm] *ERROR* dc_dmub_srv_log_diagnostic_data: DMCUB error - collecting diagnostic data
Jul 31 10:08:00 amo kernel: amdgpu 0000:c3:00.0: [drm] *ERROR* Error queueing DMUB command: status=2
Jul 31 10:08:00 amo kernel: amdgpu 0000:c3:00.0: [drm] *ERROR* dc_dmub_srv_log_diagnostic_data: DMCUB error - collecting diagnostic data
Jul 31 10:08:01 amo kernel: amdgpu 0000:c3:00.0: [drm] *ERROR* Error queueing DMUB command: status=2
Jul 31 10:08:01 amo kernel: amdgpu 0000:c3:00.0: [drm] *ERROR* dc_dmub_srv_log_diagnostic_data: DMCUB error - collecting diagnostic data
Jul 31 10:08:01 amo kernel: amdgpu 0000:c3:00.0: [drm] *ERROR* Error queueing DMUB command: status=2
Jul 31 10:08:01 amo kernel: amdgpu 0000:c3:00.0: [drm] *ERROR* dc_dmub_srv_log_diagnostic_data: DMCUB error - collecting diagnostic data
Jul 31 10:08:01 amo kernel: amdgpu 0000:c3:00.0: [drm] *ERROR* Error queueing DMUB command: status=2
Jul 31 10:08:01 amo kernel: amdgpu 0000:c3:00.0: [drm] *ERROR* dc_dmub_srv_log_diagnostic_data: DMCUB error - collecting diagnostic data
Jul 31 10:08:01 amo kernel: amdgpu 0000:c3:00.0: [drm] *ERROR* Error queueing DMUB command: status=2
Jul 31 10:08:01 amo kernel: amdgpu 0000:c3:00.0: [drm] *ERROR* dc_dmub_srv_log_diagnostic_data: DMCUB error - collecting diagnostic data
Jul 31 10:08:02 amo kernel: amdgpu 0000:c3:00.0: [drm] *ERROR* Error queueing DMUB command: status=2
Jul 31 10:08:02 amo kernel: amdgpu 0000:c3:00.0: [drm] *ERROR* dc_dmub_srv_log_diagnostic_data: DMCUB error - collecting diagnostic data
Jul 31 10:08:02 amo kernel: amdgpu 0000:c3:00.0: [drm] *ERROR* Error queueing DMUB command: status=2
Jul 31 10:08:02 amo kernel: amdgpu 0000:c3:00.0: [drm] *ERROR* dc_dmub_srv_log_diagnostic_data: DMCUB error - collecting diagnostic data
Jul 31 10:08:02 amo kernel: amdgpu 0000:c3:00.0: [drm] *ERROR* Error queueing DMUB command: status=2
Jul 31 10:08:02 amo kernel: amdgpu 0000:c3:00.0: [drm] *ERROR* dc_dmub_srv_log_diagnostic_data: DMCUB error - collecting diagnostic data
Jul 31 10:08:03 amo kernel: amdgpu 0000:c3:00.0: [drm] *ERROR* Error queueing DMUB command: status=2
Jul 31 10:08:03 amo kernel: amdgpu 0000:c3:00.0: [drm] *ERROR* dc_dmub_srv_log_diagnostic_data: DMCUB error - collecting diagnostic data
Jul 31 10:08:03 amo kernel: amdgpu 0000:c3:00.0: [drm] *ERROR* Error queueing DMUB command: status=2
Jul 31 10:08:03 amo kernel: amdgpu 0000:c3:00.0: [drm] *ERROR* dc_dmub_srv_log_diagnostic_data: DMCUB error - collecting diagnostic data
Jul 31 10:08:03 amo kernel: amdgpu 0000:c3:00.0: [drm] *ERROR* Error queueing DMUB command: status=2
Jul 31 10:08:03 amo kernel: amdgpu 0000:c3:00.0: [drm] *ERROR* dc_dmub_srv_log_diagnostic_data: DMCUB error - collecting diagnostic data
Jul 31 10:08:03 amo kernel: amdgpu 0000:c3:00.0: [drm] *ERROR* Error queueing DMUB command: status=2
Jul 31 10:08:03 amo kernel: amdgpu 0000:c3:00.0: [drm] *ERROR* dc_dmub_srv_log_diagnostic_data: DMCUB error - collecting diagnostic data
Jul 31 10:08:04 amo kernel: amdgpu 0000:c3:00.0: [drm] *ERROR* Error queueing DMUB command: status=2
Jul 31 10:08:04 amo kernel: amdgpu 0000:c3:00.0: [drm] *ERROR* dc_dmub_srv_log_diagnostic_data: DMCUB error - collecting diagnostic data
Jul 31 10:08:04 amo kernel: amdgpu 0000:c3:00.0: [drm] *ERROR* Error queueing DMUB command: status=2
Jul 31 10:08:04 amo kernel: amdgpu 0000:c3:00.0: [drm] *ERROR* dc_dmub_srv_log_diagnostic_data: DMCUB error - collecting diagnostic data
Jul 31 10:08:04 amo kernel: amdgpu 0000:c3:00.0: [drm] *ERROR* Error queueing DMUB command: status=2
Jul 31 10:08:04 amo kernel: amdgpu 0000:c3:00.0: [drm] *ERROR* dc_dmub_srv_log_diagnostic_data: DMCUB error - collecting diagnostic data
Jul 31 10:08:04 amo kernel: amdgpu 0000:c3:00.0: [drm] *ERROR* Error queueing DMUB command: status=2
Jul 31 10:08:04 amo kernel: amdgpu 0000:c3:00.0: [drm] *ERROR* dc_dmub_srv_log_diagnostic_data: DMCUB error - collecting diagnostic data
Jul 31 10:08:05 amo kernel: amdgpu 0000:c3:00.0: [drm] *ERROR* Error queueing DMUB command: status=2
Jul 31 10:08:05 amo kernel: amdgpu 0000:c3:00.0: [drm] *ERROR* dc_dmub_srv_log_diagnostic_data: DMCUB error - collecting diagnostic data
Jul 31 10:08:05 amo kernel: amdgpu 0000:c3:00.0: [drm] *ERROR* Error queueing DMUB command: status=2
Jul 31 10:08:05 amo kernel: amdgpu 0000:c3:00.0: [drm] *ERROR* dc_dmub_srv_log_diagnostic_data: DMCUB error - collecting diagnostic data
Jul 31 10:08:05 amo kernel: amdgpu 0000:c3:00.0: [drm] *ERROR* Error queueing DMUB command: status=2
Jul 31 10:08:05 amo kernel: amdgpu 0000:c3:00.0: [drm] *ERROR* dc_dmub_srv_log_diagnostic_data: DMCUB error - collecting diagnostic data
Jul 31 10:08:06 amo kernel: amdgpu 0000:c3:00.0: [drm] *ERROR* Error queueing DMUB command: status=2
Jul 31 10:08:06 amo kernel: amdgpu 0000:c3:00.0: [drm] *ERROR* dc_dmub_srv_log_diagnostic_data: DMCUB error - collecting diagnostic data
Jul 31 10:08:06 amo kernel: amdgpu 0000:c3:00.0: [drm] *ERROR* Error queueing DMUB command: status=2
Jul 31 10:08:06 amo kernel: amdgpu 0000:c3:00.0: [drm] *ERROR* dc_dmub_srv_log_diagnostic_data: DMCUB error - collecting diagnostic data
Jul 31 10:08:06 amo kernel: amdgpu 0000:c3:00.0: [drm] *ERROR* Error queueing DMUB command: status=2
Jul 31 10:08:06 amo kernel: amdgpu 0000:c3:00.0: [drm] *ERROR* dc_dmub_srv_log_diagnostic_data: DMCUB error - collecting diagnostic data
Jul 31 10:08:06 amo kernel: amdgpu 0000:c3:00.0: [drm] *ERROR* Error queueing DMUB command: status=2
Jul 31 10:08:06 amo kernel: amdgpu 0000:c3:00.0: [drm] *ERROR* dc_dmub_srv_log_diagnostic_data: DMCUB error - collecting diagnostic data
Jul 31 10:08:07 amo kernel: amdgpu 0000:c3:00.0: [drm] *ERROR* Error queueing DMUB command: status=2
Jul 31 10:08:07 amo kernel: amdgpu 0000:c3:00.0: [drm] *ERROR* dc_dmub_srv_log_diagnostic_data: DMCUB error - collecting diagnostic data
Jul 31 10:08:07 amo kernel: amdgpu 0000:c3:00.0: [drm] *ERROR* Error queueing DMUB command: status=2
Jul 31 10:08:07 amo kernel: amdgpu 0000:c3:00.0: [drm] *ERROR* dc_dmub_srv_log_diagnostic_data: DMCUB error - collecting diagnostic data
Jul 31 10:08:07 amo kernel: amdgpu 0000:c3:00.0: [drm] *ERROR* Error queueing DMUB command: status=2
Jul 31 10:08:07 amo kernel: amdgpu 0000:c3:00.0: [drm] *ERROR* dc_dmub_srv_log_diagnostic_data: DMCUB error - collecting diagnostic data
Jul 31 10:08:08 amo kernel: amdgpu 0000:c3:00.0: [drm] *ERROR* Error queueing DMUB command: status=2
Jul 31 10:08:08 amo kernel: amdgpu 0000:c3:00.0: [drm] *ERROR* dc_dmub_srv_log_diagnostic_data: DMCUB error - collecting diagnostic data
Jul 31 10:08:08 amo kernel: amdgpu 0000:c3:00.0: [drm] *ERROR* Error queueing DMUB command: status=2
Jul 31 10:08:08 amo kernel: amdgpu 0000:c3:00.0: [drm] *ERROR* dc_dmub_srv_log_diagnostic_data: DMCUB error - collecting diagnostic data
Jul 31 10:08:08 amo kernel: amdgpu 0000:c3:00.0: [drm] *ERROR* Error queueing DMUB command: status=2
Jul 31 10:08:08 amo kernel: amdgpu 0000:c3:00.0: [drm] *ERROR* dc_dmub_srv_log_diagnostic_data: DMCUB error - collecting diagnostic data
Jul 31 10:08:08 amo kernel: amdgpu 0000:c3:00.0: [drm] *ERROR* Error queueing DMUB command: status=2
Jul 31 10:08:08 amo kernel: amdgpu 0000:c3:00.0: [drm] *ERROR* dc_dmub_srv_log_diagnostic_data: DMCUB error - collecting diagnostic data
Jul 31 10:08:09 amo kernel: amdgpu 0000:c3:00.0: [drm] *ERROR* Error queueing DMUB command: status=2
Jul 31 10:08:09 amo kernel: amdgpu 0000:c3:00.0: [drm] *ERROR* dc_dmub_srv_log_diagnostic_data: DMCUB error - collecting diagnostic data
Jul 31 10:08:09 amo kernel: amdgpu 0000:c3:00.0: [drm] *ERROR* Error queueing DMUB command: status=2
Jul 31 10:08:09 amo kernel: amdgpu 0000:c3:00.0: [drm] *ERROR* dc_dmub_srv_log_diagnostic_data: DMCUB error - collecting diagnostic data
Jul 31 10:08:09 amo kernel: amdgpu 0000:c3:00.0: [drm] *ERROR* Error queueing DMUB command: status=2
Jul 31 10:08:09 amo kernel: amdgpu 0000:c3:00.0: [drm] *ERROR* dc_dmub_srv_log_diagnostic_data: DMCUB error - collecting diagnostic data
Jul 31 10:08:10 amo kernel: amdgpu 0000:c3:00.0: [drm] *ERROR* Error queueing DMUB command: status=2
Jul 31 10:08:10 amo kernel: amdgpu 0000:c3:00.0: [drm] *ERROR* dc_dmub_srv_log_diagnostic_data: DMCUB error - collecting diagnostic data
Jul 31 10:08:10 amo kernel: amdgpu 0000:c3:00.0: [drm] *ERROR* Error queueing DMUB command: status=2
Jul 31 10:08:10 amo kernel: amdgpu 0000:c3:00.0: [drm] *ERROR* dc_dmub_srv_log_diagnostic_data: DMCUB error - collecting diagnostic data
Jul 31 10:08:10 amo kernel: amdgpu 0000:c3:00.0: [drm] *ERROR* Error queueing DMUB command: status=2
Jul 31 10:08:10 amo kernel: amdgpu 0000:c3:00.0: [drm] *ERROR* dc_dmub_srv_log_diagnostic_data: DMCUB error - collecting diagnostic data
Jul 31 10:08:10 amo kernel: amdgpu 0000:c3:00.0: [drm] *ERROR* Error queueing DMUB command: status=2
Jul 31 10:08:10 amo kernel: amdgpu 0000:c3:00.0: [drm] *ERROR* dc_dmub_srv_log_diagnostic_data: DMCUB error - collecting diagnostic data
Jul 31 10:08:11 amo kernel: amdgpu 0000:c3:00.0: [drm] *ERROR* Error queueing DMUB command: status=2
Jul 31 10:08:11 amo kernel: amdgpu 0000:c3:00.0: [drm] *ERROR* dc_dmub_srv_log_diagnostic_data: DMCUB error - collecting diagnostic data
Jul 31 10:08:11 amo kernel: amdgpu 0000:c3:00.0: [drm] *ERROR* Error queueing DMUB command: status=2
Jul 31 10:08:11 amo kernel: amdgpu 0000:c3:00.0: [drm] *ERROR* dc_dmub_srv_log_diagnostic_data: DMCUB error - collecting diagnostic data
Jul 31 10:08:11 amo kernel: amdgpu 0000:c3:00.0: [drm] *ERROR* Error queueing DMUB command: status=2
Jul 31 10:08:11 amo kernel: amdgpu 0000:c3:00.0: [drm] *ERROR* dc_dmub_srv_log_diagnostic_data: DMCUB error - collecting diagnostic data
Jul 31 10:08:11 amo kernel: amdgpu 0000:c3:00.0: [drm] *ERROR* Error queueing DMUB command: status=2
Jul 31 10:08:11 amo kernel: amdgpu 0000:c3:00.0: [drm] *ERROR* dc_dmub_srv_log_diagnostic_data: DMCUB error - collecting diagnostic data
Jul 31 10:08:12 amo kernel: amdgpu 0000:c3:00.0: [drm] *ERROR* Error queueing DMUB command: status=2
Jul 31 10:08:12 amo kernel: amdgpu 0000:c3:00.0: [drm] *ERROR* dc_dmub_srv_log_diagnostic_data: DMCUB error - collecting diagnostic data
Jul 31 10:08:12 amo kernel: amdgpu 0000:c3:00.0: [drm] *ERROR* Error queueing DMUB command: status=2
Jul 31 10:08:12 amo kernel: amdgpu 0000:c3:00.0: [drm] *ERROR* dc_dmub_srv_log_diagnostic_data: DMCUB error - collecting diagnostic data
Jul 31 10:08:12 amo kernel: amdgpu 0000:c3:00.0: [drm] *ERROR* Error queueing DMUB command: status=2
Jul 31 10:08:12 amo kernel: amdgpu 0000:c3:00.0: [drm] *ERROR* dc_dmub_srv_log_diagnostic_data: DMCUB error - collecting diagnostic data
Jul 31 10:08:13 amo kernel: amdgpu 0000:c3:00.0: [drm] *ERROR* Error queueing DMUB command: status=2
Jul 31 10:08:13 amo kernel: amdgpu 0000:c3:00.0: [drm] *ERROR* dc_dmub_srv_log_diagnostic_data: DMCUB error - collecting diagnostic data
Jul 31 10:08:13 amo kernel: amdgpu 0000:c3:00.0: [drm] *ERROR* Error queueing DMUB command: status=2
Jul 31 10:08:13 amo kernel: amdgpu 0000:c3:00.0: [drm] *ERROR* dc_dmub_srv_log_diagnostic_data: DMCUB error - collecting diagnostic data
Jul 31 10:08:13 amo kernel: amdgpu 0000:c3:00.0: [drm] *ERROR* Error queueing DMUB command: status=2
Jul 31 10:08:13 amo kernel: amdgpu 0000:c3:00.0: [drm] *ERROR* dc_dmub_srv_log_diagnostic_data: DMCUB error - collecting diagnostic data
Jul 31 10:08:13 amo kernel: amdgpu 0000:c3:00.0: [drm] *ERROR* Error queueing DMUB command: status=2
Jul 31 10:08:13 amo kernel: amdgpu 0000:c3:00.0: [drm] *ERROR* dc_dmub_srv_log_diagnostic_data: DMCUB error - collecting diagnostic data
Jul 31 10:08:14 amo kernel: amdgpu 0000:c3:00.0: [drm] *ERROR* Error queueing DMUB command: status=2
Jul 31 10:08:14 amo kernel: amdgpu 0000:c3:00.0: [drm] *ERROR* dc_dmub_srv_log_diagnostic_data: DMCUB error - collecting diagnostic data
Jul 31 10:08:14 amo kernel: amdgpu 0000:c3:00.0: [drm] *ERROR* Error queueing DMUB command: status=2
Jul 31 10:08:14 amo kernel: amdgpu 0000:c3:00.0: [drm] *ERROR* dc_dmub_srv_log_diagnostic_data: DMCUB error - collecting diagnostic data
Jul 31 10:08:14 amo kernel: amdgpu 0000:c3:00.0: [drm] *ERROR* Error queueing DMUB command: status=2
Jul 31 10:08:14 amo kernel: amdgpu 0000:c3:00.0: [drm] *ERROR* dc_dmub_srv_log_diagnostic_data: DMCUB error - collecting diagnostic data
Jul 31 10:08:15 amo kernel: amdgpu 0000:c3:00.0: [drm] *ERROR* Error queueing DMUB command: status=2
Jul 31 10:08:15 amo kernel: amdgpu 0000:c3:00.0: [drm] *ERROR* dc_dmub_srv_log_diagnostic_data: DMCUB error - collecting diagnostic data
Jul 31 10:08:15 amo kernel: amdgpu 0000:c3:00.0: [drm] *ERROR* Error queueing DMUB command: status=2
Jul 31 10:08:15 amo kernel: amdgpu 0000:c3:00.0: [drm] *ERROR* dc_dmub_srv_log_diagnostic_data: DMCUB error - collecting diagnostic data
Jul 31 10:08:15 amo kernel: amdgpu 0000:c3:00.0: [drm] *ERROR* Error queueing DMUB command: status=2
Jul 31 10:08:15 amo kernel: amdgpu 0000:c3:00.0: [drm] *ERROR* dc_dmub_srv_log_diagnostic_data: DMCUB error - collecting diagnostic data
Jul 31 10:08:15 amo kernel: amdgpu 0000:c3:00.0: [drm] *ERROR* Error queueing DMUB command: status=2
Jul 31 10:08:15 amo kernel: amdgpu 0000:c3:00.0: [drm] *ERROR* dc_dmub_srv_log_diagnostic_data: DMCUB error - collecting diagnostic data
Jul 31 10:08:16 amo kernel: amdgpu 0000:c3:00.0: [drm] *ERROR* Error queueing DMUB command: status=2
Jul 31 10:08:16 amo kernel: amdgpu 0000:c3:00.0: [drm] *ERROR* dc_dmub_srv_log_diagnostic_data: DMCUB error - collecting diagnostic data
Jul 31 10:08:16 amo kernel: amdgpu 0000:c3:00.0: [drm] *ERROR* Error queueing DMUB command: status=2
Jul 31 10:08:16 amo kernel: amdgpu 0000:c3:00.0: [drm] *ERROR* dc_dmub_srv_log_diagnostic_data: DMCUB error - collecting diagnostic data
Jul 31 10:08:16 amo kernel: amdgpu 0000:c3:00.0: [drm] *ERROR* Error queueing DMUB command: status=2
Jul 31 10:08:16 amo kernel: amdgpu 0000:c3:00.0: [drm] *ERROR* dc_dmub_srv_log_diagnostic_data: DMCUB error - collecting diagnostic data
Jul 31 10:08:17 amo kernel: amdgpu 0000:c3:00.0: [drm] *ERROR* Error queueing DMUB command: status=2
Jul 31 10:08:17 amo kernel: amdgpu 0000:c3:00.0: [drm] *ERROR* dc_dmub_srv_log_diagnostic_data: DMCUB error - collecting diagnostic data
Jul 31 10:08:17 amo kernel: amdgpu 0000:c3:00.0: [drm] *ERROR* Error queueing DMUB command: status=2
Jul 31 10:08:17 amo kernel: amdgpu 0000:c3:00.0: [drm] *ERROR* dc_dmub_srv_log_diagnostic_data: DMCUB error - collecting diagnostic data
Jul 31 10:08:17 amo kernel: amdgpu 0000:c3:00.0: [drm] *ERROR* Error queueing DMUB command: status=2
Jul 31 10:08:17 amo kernel: amdgpu 0000:c3:00.0: [drm] *ERROR* dc_dmub_srv_log_diagnostic_data: DMCUB error - collecting diagnostic data
Jul 31 10:08:17 amo kernel: amdgpu 0000:c3:00.0: [drm] *ERROR* Error queueing DMUB command: status=2
Jul 31 10:08:17 amo kernel: amdgpu 0000:c3:00.0: [drm] *ERROR* dc_dmub_srv_log_diagnostic_data: DMCUB error - collecting diagnostic data
Jul 31 10:08:18 amo kernel: amdgpu 0000:c3:00.0: [drm] *ERROR* Error queueing DMUB command: status=2
Jul 31 10:08:18 amo kernel: amdgpu 0000:c3:00.0: [drm] *ERROR* dc_dmub_srv_log_diagnostic_data: DMCUB error - collecting diagnostic data
Jul 31 10:08:18 amo kernel: amdgpu 0000:c3:00.0: [drm] *ERROR* Error queueing DMUB command: status=2
Jul 31 10:08:18 amo kernel: amdgpu 0000:c3:00.0: [drm] *ERROR* dc_dmub_srv_log_diagnostic_data: DMCUB error - collecting diagnostic data
Jul 31 10:08:18 amo kernel: amdgpu 0000:c3:00.0: [drm] *ERROR* Error queueing DMUB command: status=2
Jul 31 10:08:18 amo kernel: amdgpu 0000:c3:00.0: [drm] *ERROR* dc_dmub_srv_log_diagnostic_data: DMCUB error - collecting diagnostic data
Jul 31 10:08:18 amo kernel: amdgpu 0000:c3:00.0: [drm] *ERROR* Error queueing DMUB command: status=2
Jul 31 10:08:18 amo kernel: amdgpu 0000:c3:00.0: [drm] *ERROR* dc_dmub_srv_log_diagnostic_data: DMCUB error - collecting diagnostic data
Jul 31 10:08:19 amo kernel: amdgpu 0000:c3:00.0: [drm] *ERROR* Error queueing DMUB command: status=2
Jul 31 10:08:19 amo kernel: amdgpu 0000:c3:00.0: [drm] *ERROR* dc_dmub_srv_log_diagnostic_data: DMCUB error - collecting diagnostic data
Jul 31 10:08:19 amo kernel: amdgpu 0000:c3:00.0: [drm] *ERROR* Error queueing DMUB command: status=2
Jul 31 10:08:19 amo kernel: amdgpu 0000:c3:00.0: [drm] *ERROR* dc_dmub_srv_log_diagnostic_data: DMCUB error - collecting diagnostic data
Jul 31 10:08:19 amo kernel: amdgpu 0000:c3:00.0: [drm] *ERROR* Error queueing DMUB command: status=2
Jul 31 10:08:19 amo kernel: amdgpu 0000:c3:00.0: [drm] *ERROR* dc_dmub_srv_log_diagnostic_data: DMCUB error - collecting diagnostic data
Jul 31 10:08:20 amo kernel: amdgpu 0000:c3:00.0: [drm] *ERROR* Error queueing DMUB command: status=2
Jul 31 10:08:20 amo kernel: amdgpu 0000:c3:00.0: [drm] *ERROR* dc_dmub_srv_log_diagnostic_data: DMCUB error - collecting diagnostic data
Jul 31 10:08:20 amo kernel: amdgpu 0000:c3:00.0: [drm] *ERROR* Error queueing DMUB command: status=2
Jul 31 10:08:20 amo kernel: amdgpu 0000:c3:00.0: [drm] *ERROR* dc_dmub_srv_log_diagnostic_data: DMCUB error - collecting diagnostic data
Jul 31 10:08:20 amo kernel: amdgpu 0000:c3:00.0: [drm] *ERROR* Error queueing DMUB command: status=2
Jul 31 10:08:20 amo kernel: amdgpu 0000:c3:00.0: [drm] *ERROR* dc_dmub_srv_log_diagnostic_data: DMCUB error - collecting diagnostic data
Jul 31 10:08:20 amo kernel: amdgpu 0000:c3:00.0: [drm] *ERROR* Error queueing DMUB command: status=2
Jul 31 10:08:20 amo kernel: amdgpu 0000:c3:00.0: [drm] *ERROR* dc_dmub_srv_log_diagnostic_data: DMCUB error - collecting diagnostic data
Jul 31 10:08:21 amo kernel: amdgpu 0000:c3:00.0: [drm] *ERROR* Error queueing DMUB command: status=2
Jul 31 10:08:21 amo kernel: amdgpu 0000:c3:00.0: [drm] *ERROR* dc_dmub_srv_log_diagnostic_data: DMCUB error - collecting diagnostic data
Jul 31 10:08:21 amo kernel: amdgpu 0000:c3:00.0: [drm] *ERROR* Error queueing DMUB command: status=2
Jul 31 10:08:21 amo kernel: amdgpu 0000:c3:00.0: [drm] *ERROR* dc_dmub_srv_log_diagnostic_data: DMCUB error - collecting diagnostic data
Jul 31 10:08:21 amo kernel: amdgpu 0000:c3:00.0: [drm] *ERROR* Error queueing DMUB command: status=2
Jul 31 10:08:21 amo kernel: amdgpu 0000:c3:00.0: [drm] *ERROR* dc_dmub_srv_log_diagnostic_data: DMCUB error - collecting diagnostic data
Jul 31 10:08:22 amo kernel: amdgpu 0000:c3:00.0: [drm] *ERROR* Error queueing DMUB command: status=2
Jul 31 10:08:22 amo kernel: amdgpu 0000:c3:00.0: [drm] *ERROR* dc_dmub_srv_log_diagnostic_data: DMCUB error - collecting diagnostic data
Jul 31 10:08:22 amo kernel: amdgpu 0000:c3:00.0: [drm] *ERROR* Error queueing DMUB command: status=2
Jul 31 10:08:22 amo kernel: amdgpu 0000:c3:00.0: [drm] *ERROR* dc_dmub_srv_log_diagnostic_data: DMCUB error - collecting diagnostic data
Jul 31 10:08:22 amo kernel: amdgpu 0000:c3:00.0: [drm] *ERROR* Error queueing DMUB command: status=2
Jul 31 10:08:22 amo kernel: amdgpu 0000:c3:00.0: [drm] *ERROR* dc_dmub_srv_log_diagnostic_data: DMCUB error - collecting diagnostic data
Jul 31 10:08:22 amo kernel: amdgpu 0000:c3:00.0: [drm] *ERROR* Error queueing DMUB command: status=2
Jul 31 10:08:22 amo kernel: amdgpu 0000:c3:00.0: [drm] *ERROR* dc_dmub_srv_log_diagnostic_data: DMCUB error - collecting diagnostic data
Jul 31 10:08:23 amo kernel: amdgpu 0000:c3:00.0: [drm] *ERROR* Error queueing DMUB command: status=2
Jul 31 10:08:23 amo kernel: amdgpu 0000:c3:00.0: [drm] *ERROR* dc_dmub_srv_log_diagnostic_data: DMCUB error - collecting diagnostic data
Jul 31 10:08:23 amo kernel: amdgpu 0000:c3:00.0: [drm] *ERROR* Error queueing DMUB command: status=2
Jul 31 10:08:23 amo kernel: amdgpu 0000:c3:00.0: [drm] *ERROR* dc_dmub_srv_log_diagnostic_data: DMCUB error - collecting diagnostic data
Jul 31 10:08:23 amo kernel: amdgpu 0000:c3:00.0: [drm] *ERROR* Error queueing DMUB command: status=2
Jul 31 10:08:23 amo kernel: amdgpu 0000:c3:00.0: [drm] *ERROR* dc_dmub_srv_log_diagnostic_data: DMCUB error - collecting diagnostic data
Jul 31 10:08:23 amo kernel: amdgpu 0000:c3:00.0: [drm] *ERROR* Error queueing DMUB command: status=2
Jul 31 10:08:23 amo kernel: amdgpu 0000:c3:00.0: [drm] *ERROR* dc_dmub_srv_log_diagnostic_data: DMCUB error - collecting diagnostic data
Jul 31 10:08:34 amo kernel: amdgpu 0000:c3:00.0: [drm] *ERROR* [CRTC:364:crtc-0] flip_done timed out
Jul 31 10:08:44 amo kernel: amdgpu 0000:c3:00.0: [drm] *ERROR* flip_done timed out
Jul 31 10:08:44 amo kernel: amdgpu 0000:c3:00.0: [drm] *ERROR* [CRTC:364:crtc-0] commit wait timed out
Jul 31 10:08:54 amo kernel: amdgpu 0000:c3:00.0: [drm] *ERROR* flip_done timed out
Jul 31 10:08:54 amo kernel: amdgpu 0000:c3:00.0: [drm] *ERROR* [PLANE:202:plane-3] commit wait timed out
Jul 31 10:08:55 amo kernel: amdgpu 0000:c3:00.0: [drm] *ERROR* Error queueing DMUB command: status=2
Jul 31 10:08:55 amo kernel: amdgpu 0000:c3:00.0: [drm] *ERROR* dc_dmub_srv_log_diagnostic_data: DMCUB error - collecting diagnostic data
Jul 31 10:08:55 amo kernel: amdgpu 0000:c3:00.0: [drm] *ERROR* Error queueing DMUB command: status=2
Jul 31 10:08:55 amo kernel: amdgpu 0000:c3:00.0: [drm] *ERROR* dc_dmub_srv_log_diagnostic_data: DMCUB error - collecting diagnostic data
Jul 31 10:08:55 amo kernel: amdgpu 0000:c3:00.0: [drm] *ERROR* Error queueing DMUB command: status=2
Jul 31 10:08:55 amo kernel: amdgpu 0000:c3:00.0: [drm] *ERROR* dc_dmub_srv_log_diagnostic_data: DMCUB error - collecting diagnostic data
Jul 31 10:08:55 amo kernel: amdgpu 0000:c3:00.0: [drm] *ERROR* Error queueing DMUB command: status=2
Jul 31 10:08:55 amo kernel: amdgpu 0000:c3:00.0: [drm] *ERROR* dc_dmub_srv_log_diagnostic_data: DMCUB error - collecting diagnostic data
Jul 31 10:08:56 amo kernel: amdgpu 0000:c3:00.0: [drm] *ERROR* Error queueing DMUB command: status=2
Jul 31 10:08:56 amo kernel: amdgpu 0000:c3:00.0: [drm] *ERROR* dc_dmub_srv_log_diagnostic_data: DMCUB error - collecting diagnostic data
Jul 31 10:08:56 amo kernel: amdgpu 0000:c3:00.0: [drm] *ERROR* Error queueing DMUB command: status=2
Jul 31 10:08:56 amo kernel: amdgpu 0000:c3:00.0: [drm] *ERROR* dc_dmub_srv_log_diagnostic_data: DMCUB error - collecting diagnostic data
Jul 31 10:08:56 amo kernel: amdgpu 0000:c3:00.0: [drm] *ERROR* Error queueing DMUB command: status=2
Jul 31 10:08:56 amo kernel: amdgpu 0000:c3:00.0: [drm] *ERROR* dc_dmub_srv_log_diagnostic_data: DMCUB error - collecting diagnostic data
Jul 31 10:08:57 amo kernel: amdgpu 0000:c3:00.0: [drm] *ERROR* Error queueing DMUB command: status=2
Jul 31 10:08:57 amo kernel: amdgpu 0000:c3:00.0: [drm] *ERROR* dc_dmub_srv_log_diagnostic_data: DMCUB error - collecting diagnostic data
Jul 31 10:08:57 amo kernel: amdgpu 0000:c3:00.0: [drm] *ERROR* Error queueing DMUB command: status=2
Jul 31 10:08:57 amo kernel: amdgpu 0000:c3:00.0: [drm] *ERROR* dc_dmub_srv_log_diagnostic_data: DMCUB error - collecting diagnostic data
Jul 31 10:08:57 amo kernel: amdgpu 0000:c3:00.0: [drm] *ERROR* Error queueing DMUB command: status=2
Jul 31 10:08:57 amo kernel: amdgpu 0000:c3:00.0: [drm] *ERROR* dc_dmub_srv_log_diagnostic_data: DMCUB error - collecting diagnostic data
Jul 31 10:08:58 amo kernel: amdgpu 0000:c3:00.0: [drm] *ERROR* Error queueing DMUB command: status=2
Jul 31 10:08:58 amo kernel: amdgpu 0000:c3:00.0: [drm] *ERROR* dc_dmub_srv_log_diagnostic_data: DMCUB error - collecting diagnostic data
Jul 31 10:08:58 amo kernel: amdgpu 0000:c3:00.0: [drm] *ERROR* Error queueing DMUB command: status=2
Jul 31 10:08:58 amo kernel: amdgpu 0000:c3:00.0: [drm] *ERROR* dc_dmub_srv_log_diagnostic_data: DMCUB error - collecting diagnostic data
Jul 31 10:08:58 amo kernel: amdgpu 0000:c3:00.0: [drm] *ERROR* Error queueing DMUB command: status=2
Jul 31 10:08:58 amo kernel: amdgpu 0000:c3:00.0: [drm] *ERROR* dc_dmub_srv_log_diagnostic_data: DMCUB error - collecting diagnostic data
Jul 31 10:08:58 amo kernel: amdgpu 0000:c3:00.0: [drm] *ERROR* Error queueing DMUB command: status=2
Jul 31 10:08:58 amo kernel: amdgpu 0000:c3:00.0: [drm] *ERROR* dc_dmub_srv_log_diagnostic_data: DMCUB error - collecting diagnostic data
Jul 31 10:08:59 amo kernel: amdgpu 0000:c3:00.0: [drm] *ERROR* Error queueing DMUB command: status=2
Jul 31 10:08:59 amo kernel: amdgpu 0000:c3:00.0: [drm] *ERROR* dc_dmub_srv_log_diagnostic_data: DMCUB error - collecting diagnostic data
Jul 31 10:08:59 amo kernel: amdgpu 0000:c3:00.0: [drm] *ERROR* Error queueing DMUB command: status=2
Jul 31 10:08:59 amo kernel: amdgpu 0000:c3:00.0: [drm] *ERROR* dc_dmub_srv_log_diagnostic_data: DMCUB error - collecting diagnostic data
Jul 31 10:08:59 amo kernel: amdgpu 0000:c3:00.0: [drm] *ERROR* Error queueing DMUB command: status=2
Jul 31 10:08:59 amo kernel: amdgpu 0000:c3:00.0: [drm] *ERROR* dc_dmub_srv_log_diagnostic_data: DMCUB error - collecting diagnostic data
Jul 31 10:09:00 amo kernel: amdgpu 0000:c3:00.0: [drm] *ERROR* Error queueing DMUB command: status=2
Jul 31 10:09:00 amo kernel: amdgpu 0000:c3:00.0: [drm] *ERROR* dc_dmub_srv_log_diagnostic_data: DMCUB error - collecting diagnostic data
Jul 31 10:09:10 amo kernel: amdgpu 0000:c3:00.0: [drm] *ERROR* [CRTC:364:crtc-0] flip_done timed out
Jul 31 10:09:20 amo kernel: amdgpu 0000:c3:00.0: [drm] *ERROR* flip_done timed out
Jul 31 10:09:20 amo kernel: amdgpu 0000:c3:00.0: [drm] *ERROR* [CRTC:364:crtc-0] commit wait timed out
Jul 31 10:09:30 amo kernel: amdgpu 0000:c3:00.0: [drm] *ERROR* flip_done timed out
Jul 31 10:09:30 amo kernel: amdgpu 0000:c3:00.0: [drm] *ERROR* [CONNECTOR:378:eDP-1] commit wait timed out
Jul 31 10:09:40 amo kernel: amdgpu 0000:c3:00.0: [drm] *ERROR* flip_done timed out
Jul 31 10:09:40 amo kernel: amdgpu 0000:c3:00.0: [drm] *ERROR* [PLANE:202:plane-3] commit wait timed out
Jul 31 10:09:41 amo kernel: amdgpu 0000:c3:00.0: [drm] *ERROR* Error queueing DMUB command: status=2
Jul 31 10:09:41 amo kernel: amdgpu 0000:c3:00.0: [drm] *ERROR* dc_dmub_srv_log_diagnostic_data: DMCUB error - collecting diagnostic data
Jul 31 10:09:41 amo kernel: amdgpu 0000:c3:00.0: [drm] *ERROR* Error queueing DMUB command: status=2
Jul 31 10:09:41 amo kernel: amdgpu 0000:c3:00.0: [drm] *ERROR* dc_dmub_srv_log_diagnostic_data: DMCUB error - collecting diagnostic data
Jul 31 10:09:41 amo kernel: amdgpu 0000:c3:00.0: [drm] *ERROR* Error queueing DMUB command: status=2
Jul 31 10:09:41 amo kernel: amdgpu 0000:c3:00.0: [drm] *ERROR* dc_dmub_srv_log_diagnostic_data: DMCUB error - collecting diagnostic data
Jul 31 10:09:42 amo kernel: amdgpu 0000:c3:00.0: [drm] *ERROR* Error queueing DMUB command: status=2
Jul 31 10:09:42 amo kernel: amdgpu 0000:c3:00.0: [drm] *ERROR* dc_dmub_srv_log_diagnostic_data: DMCUB error - collecting diagnostic data
Jul 31 10:09:42 amo kernel: amdgpu 0000:c3:00.0: [drm] *ERROR* Error queueing DMUB command: status=2
Jul 31 10:09:42 amo kernel: amdgpu 0000:c3:00.0: [drm] *ERROR* dc_dmub_srv_log_diagnostic_data: DMCUB error - collecting diagnostic data
Jul 31 10:09:42 amo kernel: amdgpu 0000:c3:00.0: [drm] *ERROR* Error queueing DMUB command: status=2
Jul 31 10:09:42 amo kernel: amdgpu 0000:c3:00.0: [drm] *ERROR* dc_dmub_srv_log_diagnostic_data: DMCUB error - collecting diagnostic data
Jul 31 10:09:42 amo kernel: amdgpu 0000:c3:00.0: [drm] *ERROR* Error queueing DMUB command: status=2
Jul 31 10:09:42 amo kernel: amdgpu 0000:c3:00.0: [drm] *ERROR* dc_dmub_srv_log_diagnostic_data: DMCUB error - collecting diagnostic data
Jul 31 10:09:43 amo kernel: amdgpu 0000:c3:00.0: [drm] *ERROR* Error queueing DMUB command: status=2
Jul 31 10:09:43 amo kernel: amdgpu 0000:c3:00.0: [drm] *ERROR* dc_dmub_srv_log_diagnostic_data: DMCUB error - collecting diagnostic data
Jul 31 10:09:43 amo kernel: amdgpu 0000:c3:00.0: [drm] *ERROR* Error queueing DMUB command: status=2
Jul 31 10:09:43 amo kernel: amdgpu 0000:c3:00.0: [drm] *ERROR* dc_dmub_srv_log_diagnostic_data: DMCUB error - collecting diagnostic data
Jul 31 10:09:44 amo kernel: amdgpu 0000:c3:00.0: [drm] *ERROR* Error queueing DMUB command: status=2
Jul 31 10:09:44 amo kernel: amdgpu 0000:c3:00.0: [drm] *ERROR* dc_dmub_srv_log_diagnostic_data: DMCUB error - collecting diagnostic data
Jul 31 10:09:44 amo kernel: amdgpu 0000:c3:00.0: [drm] *ERROR* Error queueing DMUB command: status=2
Jul 31 10:09:44 amo kernel: amdgpu 0000:c3:00.0: [drm] *ERROR* dc_dmub_srv_log_diagnostic_data: DMCUB error - collecting diagnostic data
Jul 31 10:09:44 amo kernel: amdgpu 0000:c3:00.0: [drm] *ERROR* Error queueing DMUB command: status=2
Jul 31 10:09:44 amo kernel: amdgpu 0000:c3:00.0: [drm] *ERROR* dc_dmub_srv_log_diagnostic_data: DMCUB error - collecting diagnostic data
Jul 31 10:09:45 amo kernel: amdgpu 0000:c3:00.0: [drm] *ERROR* Error queueing DMUB command: status=2
Jul 31 10:09:45 amo kernel: amdgpu 0000:c3:00.0: [drm] *ERROR* dc_dmub_srv_log_diagnostic_data: DMCUB error - collecting diagnostic data
Jul 31 10:09:45 amo kernel: amdgpu 0000:c3:00.0: [drm] *ERROR* Error queueing DMUB command: status=2
Jul 31 10:09:45 amo kernel: amdgpu 0000:c3:00.0: [drm] *ERROR* dc_dmub_srv_log_diagnostic_data: DMCUB error - collecting diagnostic data
Jul 31 10:09:45 amo kernel: amdgpu 0000:c3:00.0: [drm] *ERROR* Error queueing DMUB command: status=2
Jul 31 10:09:45 amo kernel: amdgpu 0000:c3:00.0: [drm] *ERROR* dc_dmub_srv_log_diagnostic_data: DMCUB error - collecting diagnostic data
Jul 31 10:09:45 amo kernel: amdgpu 0000:c3:00.0: [drm] *ERROR* Error queueing DMUB command: status=2
Jul 31 10:09:45 amo kernel: amdgpu 0000:c3:00.0: [drm] *ERROR* dc_dmub_srv_log_diagnostic_data: DMCUB error - collecting diagnostic data
Jul 31 10:09:46 amo kernel: amdgpu 0000:c3:00.0: [drm] *ERROR* Error queueing DMUB command: status=2
Jul 31 10:09:46 amo kernel: amdgpu 0000:c3:00.0: [drm] *ERROR* dc_dmub_srv_log_diagnostic_data: DMCUB error - collecting diagnostic data
Jul 31 10:09:46 amo kernel: amdgpu 0000:c3:00.0: [drm] *ERROR* Error queueing DMUB command: status=2
Jul 31 10:09:46 amo kernel: amdgpu 0000:c3:00.0: [drm] *ERROR* dc_dmub_srv_log_diagnostic_data: DMCUB error - collecting diagnostic data
Jul 31 10:09:47 amo kernel: amdgpu 0000:c3:00.0: [drm] *ERROR* Error queueing DMUB command: status=2
Jul 31 10:09:47 amo kernel: amdgpu 0000:c3:00.0: [drm] *ERROR* dc_dmub_srv_log_diagnostic_data: DMCUB error - collecting diagnostic data
Jul 31 10:09:47 amo kernel: amdgpu 0000:c3:00.0: [drm] *ERROR* Error queueing DMUB command: status=2
Jul 31 10:09:47 amo kernel: amdgpu 0000:c3:00.0: [drm] *ERROR* dc_dmub_srv_log_diagnostic_data: DMCUB error - collecting diagnostic data
Jul 31 10:09:47 amo kernel: amdgpu 0000:c3:00.0: [drm] *ERROR* Error queueing DMUB command: status=2
Jul 31 10:09:47 amo kernel: amdgpu 0000:c3:00.0: [drm] *ERROR* dc_dmub_srv_log_diagnostic_data: DMCUB error - collecting diagnostic data
Jul 31 10:09:48 amo kernel: amdgpu 0000:c3:00.0: [drm] *ERROR* Error queueing DMUB command: status=2
Jul 31 10:09:48 amo kernel: amdgpu 0000:c3:00.0: [drm] *ERROR* dc_dmub_srv_log_diagnostic_data: DMCUB error - collecting diagnostic data
Jul 31 10:09:48 amo kernel: amdgpu 0000:c3:00.0: [drm] *ERROR* Error queueing DMUB command: status=2
Jul 31 10:09:48 amo kernel: amdgpu 0000:c3:00.0: [drm] *ERROR* dc_dmub_srv_log_diagnostic_data: DMCUB error - collecting diagnostic data
Jul 31 10:09:48 amo kernel: amdgpu 0000:c3:00.0: [drm] *ERROR* Error queueing DMUB command: status=2
Jul 31 10:09:48 amo kernel: amdgpu 0000:c3:00.0: [drm] *ERROR* dc_dmub_srv_log_diagnostic_data: DMCUB error - collecting diagnostic data
Jul 31 10:09:48 amo kernel: amdgpu 0000:c3:00.0: [drm] *ERROR* Error queueing DMUB command: status=2
Jul 31 10:09:48 amo kernel: amdgpu 0000:c3:00.0: [drm] *ERROR* dc_dmub_srv_log_diagnostic_data: DMCUB error - collecting diagnostic data
Jul 31 10:09:54 amo chronyd[1644]: NTS-KE session with 91.189.91.111:4460 (ntp-bootstrap.ubuntu.com) timed out
Jul 31 10:09:55 amo chronyd[1644]: NTS-KE session with 185.125.190.122:4460 (1.ntp.ubuntu.com) timed out
Jul 31 10:09:55 amo chronyd[1644]: NTS-KE session with 91.189.91.113:4460 (4.ntp.ubuntu.com) timed out
Jul 31 10:09:56 amo chronyd[1644]: NTS-KE session with 91.189.91.112:4460 (3.ntp.ubuntu.com) timed out
Jul 31 10:09:57 amo chronyd[1644]: NTS-KE session with 185.125.190.123:4460 (2.ntp.ubuntu.com) timed out
Jul 31 10:09:59 amo kernel: amdgpu 0000:c3:00.0: [drm] *ERROR* [CRTC:364:crtc-0] flip_done timed out
Jul 31 10:10:09 amo kernel: amdgpu 0000:c3:00.0: [drm] *ERROR* flip_done timed out
Jul 31 10:10:09 amo kernel: amdgpu 0000:c3:00.0: [drm] *ERROR* [CRTC:364:crtc-0] commit wait timed out
Jul 31 10:10:19 amo kernel: amdgpu 0000:c3:00.0: [drm] *ERROR* flip_done timed out
Jul 31 10:10:19 amo kernel: amdgpu 0000:c3:00.0: [drm] *ERROR* [PLANE:202:plane-3] commit wait timed out
Jul 31 10:10:20 amo kernel: amdgpu 0000:c3:00.0: [drm] *ERROR* Error queueing DMUB command: status=2
Jul 31 10:10:20 amo kernel: amdgpu 0000:c3:00.0: [drm] *ERROR* dc_dmub_srv_log_diagnostic_data: DMCUB error - collecting diagnostic data
Jul 31 10:10:20 amo kernel: amdgpu 0000:c3:00.0: [drm] *ERROR* Error queueing DMUB command: status=2
Jul 31 10:10:20 amo kernel: amdgpu 0000:c3:00.0: [drm] *ERROR* dc_dmub_srv_log_diagnostic_data: DMCUB error - collecting diagnostic data
Jul 31 10:10:20 amo kernel: amdgpu 0000:c3:00.0: [drm] *ERROR* Error queueing DMUB command: status=2
Jul 31 10:10:20 amo kernel: amdgpu 0000:c3:00.0: [drm] *ERROR* dc_dmub_srv_log_diagnostic_data: DMCUB error - collecting diagnostic data
Jul 31 10:10:20 amo kernel: amdgpu 0000:c3:00.0: [drm] *ERROR* Error queueing DMUB command: status=2
Jul 31 10:10:20 amo kernel: amdgpu 0000:c3:00.0: [drm] *ERROR* dc_dmub_srv_log_diagnostic_data: DMCUB error - collecting diagnostic data
Jul 31 10:10:21 amo kernel: amdgpu 0000:c3:00.0: [drm] *ERROR* Error queueing DMUB command: status=2
Jul 31 10:10:21 amo kernel: amdgpu 0000:c3:00.0: [drm] *ERROR* dc_dmub_srv_log_diagnostic_data: DMCUB error - collecting diagnostic data
Jul 31 10:10:21 amo kernel: amdgpu 0000:c3:00.0: [drm] *ERROR* Error queueing DMUB command: status=2
Jul 31 10:10:21 amo kernel: amdgpu 0000:c3:00.0: [drm] *ERROR* dc_dmub_srv_log_diagnostic_data: DMCUB error - collecting diagnostic data
Jul 31 10:10:21 amo kernel: amdgpu 0000:c3:00.0: [drm] *ERROR* Error queueing DMUB command: status=2
Jul 31 10:10:21 amo kernel: amdgpu 0000:c3:00.0: [drm] *ERROR* dc_dmub_srv_log_diagnostic_data: DMCUB error - collecting diagnostic data
Jul 31 10:10:22 amo kernel: amdgpu 0000:c3:00.0: [drm] *ERROR* Error queueing DMUB command: status=2
Jul 31 10:10:22 amo kernel: amdgpu 0000:c3:00.0: [drm] *ERROR* dc_dmub_srv_log_diagnostic_data: DMCUB error - collecting diagnostic data
Jul 31 10:10:32 amo kernel: amdgpu 0000:c3:00.0: [drm] *ERROR* [CRTC:364:crtc-0] flip_done timed out
Jul 31 10:10:42 amo kernel: amdgpu 0000:c3:00.0: [drm] *ERROR* flip_done timed out
Jul 31 10:10:42 amo kernel: amdgpu 0000:c3:00.0: [drm] *ERROR* [CRTC:364:crtc-0] commit wait timed out
Jul 31 10:10:52 amo kernel: amdgpu 0000:c3:00.0: [drm] *ERROR* flip_done timed out
Jul 31 10:10:52 amo kernel: amdgpu 0000:c3:00.0: [drm] *ERROR* [CONNECTOR:378:eDP-1] commit wait timed out
Jul 31 10:11:03 amo kernel: amdgpu 0000:c3:00.0: [drm] *ERROR* flip_done timed out
Jul 31 10:11:03 amo kernel: amdgpu 0000:c3:00.0: [drm] *ERROR* [PLANE:202:plane-3] commit wait timed out
Jul 31 10:11:03 amo kernel: amdgpu 0000:c3:00.0: [drm] *ERROR* Error queueing DMUB command: status=2
Jul 31 10:11:03 amo kernel: amdgpu 0000:c3:00.0: [drm] *ERROR* dc_dmub_srv_log_diagnostic_data: DMCUB error - collecting diagnostic data
Jul 31 10:11:03 amo kernel: amdgpu 0000:c3:00.0: [drm] *ERROR* Error queueing DMUB command: status=2
Jul 31 10:11:03 amo kernel: amdgpu 0000:c3:00.0: [drm] *ERROR* dc_dmub_srv_log_diagnostic_data: DMCUB error - collecting diagnostic data
Jul 31 10:11:04 amo kernel: amdgpu 0000:c3:00.0: [drm] *ERROR* Error queueing DMUB command: status=2
Jul 31 10:11:04 amo kernel: amdgpu 0000:c3:00.0: [drm] *ERROR* dc_dmub_srv_log_diagnostic_data: DMCUB error - collecting diagnostic data
Jul 31 10:11:04 amo kernel: amdgpu 0000:c3:00.0: [drm] *ERROR* Error queueing DMUB command: status=2
Jul 31 10:11:04 amo kernel: amdgpu 0000:c3:00.0: [drm] *ERROR* dc_dmub_srv_log_diagnostic_data: DMCUB error - collecting diagnostic data
Jul 31 10:11:04 amo kernel: amdgpu 0000:c3:00.0: [drm] *ERROR* Error queueing DMUB command: status=2
Jul 31 10:11:04 amo kernel: amdgpu 0000:c3:00.0: [drm] *ERROR* dc_dmub_srv_log_diagnostic_data: DMCUB error - collecting diagnostic data
Jul 31 10:11:05 amo kernel: amdgpu 0000:c3:00.0: [drm] *ERROR* Error queueing DMUB command: status=2
Jul 31 10:11:05 amo kernel: amdgpu 0000:c3:00.0: [drm] *ERROR* dc_dmub_srv_log_diagnostic_data: DMCUB error - collecting diagnostic data
Jul 31 10:11:05 amo kernel: amdgpu 0000:c3:00.0: [drm] *ERROR* Error queueing DMUB command: status=2
Jul 31 10:11:05 amo kernel: amdgpu 0000:c3:00.0: [drm] *ERROR* dc_dmub_srv_log_diagnostic_data: DMCUB error - collecting diagnostic data
Jul 31 10:11:05 amo kernel: amdgpu 0000:c3:00.0: [drm] *ERROR* Error queueing DMUB command: status=2
Jul 31 10:11:05 amo kernel: amdgpu 0000:c3:00.0: [drm] *ERROR* dc_dmub_srv_log_diagnostic_data: DMCUB error - collecting diagnostic data
Jul 31 10:11:16 amo kernel: amdgpu 0000:c3:00.0: [drm] *ERROR* [CRTC:364:crtc-0] flip_done timed out
Jul 31 10:11:26 amo kernel: amdgpu 0000:c3:00.0: [drm] *ERROR* flip_done timed out
Jul 31 10:11:26 amo kernel: amdgpu 0000:c3:00.0: [drm] *ERROR* [CRTC:364:crtc-0] commit wait timed out
Jul 31 10:11:36 amo kernel: amdgpu 0000:c3:00.0: [drm] *ERROR* flip_done timed out
Jul 31 10:11:36 amo kernel: amdgpu 0000:c3:00.0: [drm] *ERROR* [PLANE:202:plane-3] commit wait timed out
Jul 31 10:11:36 amo kernel: amdgpu 0000:c3:00.0: [drm] *ERROR* Error queueing DMUB command: status=2
Jul 31 10:11:36 amo kernel: amdgpu 0000:c3:00.0: [drm] *ERROR* dc_dmub_srv_log_diagnostic_data: DMCUB error - collecting diagnostic data
Jul 31 10:11:37 amo kernel: amdgpu 0000:c3:00.0: [drm] *ERROR* Error queueing DMUB command: status=2
Jul 31 10:11:37 amo kernel: amdgpu 0000:c3:00.0: [drm] *ERROR* dc_dmub_srv_log_diagnostic_data: DMCUB error - collecting diagnostic data
Jul 31 10:11:37 amo kernel: amdgpu 0000:c3:00.0: [drm] *ERROR* Error queueing DMUB command: status=2
Jul 31 10:11:37 amo kernel: amdgpu 0000:c3:00.0: [drm] *ERROR* dc_dmub_srv_log_diagnostic_data: DMCUB error - collecting diagnostic data
Jul 31 10:11:37 amo kernel: amdgpu 0000:c3:00.0: [drm] *ERROR* Error queueing DMUB command: status=2
Jul 31 10:11:37 amo kernel: amdgpu 0000:c3:00.0: [drm] *ERROR* dc_dmub_srv_log_diagnostic_data: DMCUB error - collecting diagnostic data
Jul 31 10:11:38 amo kernel: amdgpu 0000:c3:00.0: [drm] *ERROR* Error queueing DMUB command: status=2
Jul 31 10:11:38 amo kernel: amdgpu 0000:c3:00.0: [drm] *ERROR* dc_dmub_srv_log_diagnostic_data: DMCUB error - collecting diagnostic data
Jul 31 10:11:38 amo kernel: amdgpu 0000:c3:00.0: [drm] *ERROR* Error queueing DMUB command: status=2
Jul 31 10:11:38 amo kernel: amdgpu 0000:c3:00.0: [drm] *ERROR* dc_dmub_srv_log_diagnostic_data: DMCUB error - collecting diagnostic data
Jul 31 10:11:38 amo kernel: amdgpu 0000:c3:00.0: [drm] *ERROR* Error queueing DMUB command: status=2
Jul 31 10:11:38 amo kernel: amdgpu 0000:c3:00.0: [drm] *ERROR* dc_dmub_srv_log_diagnostic_data: DMCUB error - collecting diagnostic data
Jul 31 10:11:38 amo kernel: amdgpu 0000:c3:00.0: [drm] *ERROR* Error queueing DMUB command: status=2
Jul 31 10:11:38 amo kernel: amdgpu 0000:c3:00.0: [drm] *ERROR* dc_dmub_srv_log_diagnostic_data: DMCUB error - collecting diagnostic data
Jul 31 10:11:49 amo kernel: amdgpu 0000:c3:00.0: [drm] *ERROR* [CRTC:364:crtc-0] flip_done timed out
Jul 31 10:11:59 amo kernel: amdgpu 0000:c3:00.0: [drm] *ERROR* flip_done timed out
Jul 31 10:11:59 amo kernel: amdgpu 0000:c3:00.0: [drm] *ERROR* [CRTC:364:crtc-0] commit wait timed out
Jul 31 10:12:09 amo kernel: amdgpu 0000:c3:00.0: [drm] *ERROR* flip_done timed out
Jul 31 10:12:09 amo kernel: amdgpu 0000:c3:00.0: [drm] *ERROR* [PLANE:202:plane-3] commit wait timed out
Jul 31 10:12:10 amo kernel: amdgpu 0000:c3:00.0: [drm] *ERROR* Error queueing DMUB command: status=2
Jul 31 10:12:10 amo kernel: amdgpu 0000:c3:00.0: [drm] *ERROR* dc_dmub_srv_log_diagnostic_data: DMCUB error - collecting diagnostic data
Jul 31 10:12:10 amo kernel: amdgpu 0000:c3:00.0: [drm] *ERROR* Error queueing DMUB command: status=2
Jul 31 10:12:10 amo kernel: amdgpu 0000:c3:00.0: [drm] *ERROR* dc_dmub_srv_log_diagnostic_data: DMCUB error - collecting diagnostic data
Jul 31 10:12:10 amo kernel: amdgpu 0000:c3:00.0: [drm] *ERROR* Error queueing DMUB command: status=2
Jul 31 10:12:10 amo kernel: amdgpu 0000:c3:00.0: [drm] *ERROR* dc_dmub_srv_log_diagnostic_data: DMCUB error - collecting diagnostic data
Jul 31 10:12:11 amo kernel: amdgpu 0000:c3:00.0: [drm] *ERROR* Error queueing DMUB command: status=2
Jul 31 10:12:11 amo kernel: amdgpu 0000:c3:00.0: [drm] *ERROR* dc_dmub_srv_log_diagnostic_data: DMCUB error - collecting diagnostic data
Jul 31 10:12:11 amo kernel: amdgpu 0000:c3:00.0: [drm] *ERROR* Error queueing DMUB command: status=2
Jul 31 10:12:11 amo kernel: amdgpu 0000:c3:00.0: [drm] *ERROR* dc_dmub_srv_log_diagnostic_data: DMCUB error - collecting diagnostic data
Jul 31 10:12:11 amo kernel: amdgpu 0000:c3:00.0: [drm] *ERROR* Error queueing DMUB command: status=2
Jul 31 10:12:11 amo kernel: amdgpu 0000:c3:00.0: [drm] *ERROR* dc_dmub_srv_log_diagnostic_data: DMCUB error - collecting diagnostic data
Jul 31 10:12:11 amo kernel: amdgpu 0000:c3:00.0: [drm] *ERROR* Error queueing DMUB command: status=2
Jul 31 10:12:11 amo kernel: amdgpu 0000:c3:00.0: [drm] *ERROR* dc_dmub_srv_log_diagnostic_data: DMCUB error - collecting diagnostic data
Jul 31 10:12:12 amo kernel: amdgpu 0000:c3:00.0: [drm] *ERROR* Error queueing DMUB command: status=2
Jul 31 10:12:12 amo kernel: amdgpu 0000:c3:00.0: [drm] *ERROR* dc_dmub_srv_log_diagnostic_data: DMCUB error - collecting diagnostic data
Jul 31 10:12:22 amo kernel: amdgpu 0000:c3:00.0: [drm] *ERROR* [CRTC:364:crtc-0] flip_done timed out
Jul 31 10:12:32 amo kernel: amdgpu 0000:c3:00.0: [drm] *ERROR* flip_done timed out
Jul 31 10:12:32 amo kernel: amdgpu 0000:c3:00.0: [drm] *ERROR* [CRTC:364:crtc-0] commit wait timed out
Jul 31 10:12:43 amo kernel: amdgpu 0000:c3:00.0: [drm] *ERROR* flip_done timed out
Jul 31 10:12:43 amo kernel: amdgpu 0000:c3:00.0: [drm] *ERROR* [PLANE:202:plane-3] commit wait timed out
Jul 31 10:12:43 amo kernel: amdgpu 0000:c3:00.0: [drm] *ERROR* Error queueing DMUB command: status=2
Jul 31 10:12:43 amo kernel: amdgpu 0000:c3:00.0: [drm] *ERROR* dc_dmub_srv_log_diagnostic_data: DMCUB error - collecting diagnostic data
Jul 31 10:12:43 amo kernel: amdgpu 0000:c3:00.0: [drm] *ERROR* Error queueing DMUB command: status=2
Jul 31 10:12:43 amo kernel: amdgpu 0000:c3:00.0: [drm] *ERROR* dc_dmub_srv_log_diagnostic_data: DMCUB error - collecting diagnostic data
Jul 31 10:12:43 amo kernel: amdgpu 0000:c3:00.0: [drm] *ERROR* Error queueing DMUB command: status=2
Jul 31 10:12:43 amo kernel: amdgpu 0000:c3:00.0: [drm] *ERROR* dc_dmub_srv_log_diagnostic_data: DMCUB error - collecting diagnostic data
Jul 31 10:12:44 amo kernel: amdgpu 0000:c3:00.0: [drm] *ERROR* Error queueing DMUB command: status=2
Jul 31 10:12:44 amo kernel: amdgpu 0000:c3:00.0: [drm] *ERROR* dc_dmub_srv_log_diagnostic_data: DMCUB error - collecting diagnostic data
Jul 31 10:12:44 amo kernel: amdgpu 0000:c3:00.0: [drm] *ERROR* Error queueing DMUB command: status=2
Jul 31 10:12:44 amo kernel: amdgpu 0000:c3:00.0: [drm] *ERROR* dc_dmub_srv_log_diagnostic_data: DMCUB error - collecting diagnostic data
Jul 31 10:12:44 amo kernel: amdgpu 0000:c3:00.0: [drm] *ERROR* Error queueing DMUB command: status=2
Jul 31 10:12:44 amo kernel: amdgpu 0000:c3:00.0: [drm] *ERROR* dc_dmub_srv_log_diagnostic_data: DMCUB error - collecting diagnostic data
Jul 31 10:12:45 amo kernel: amdgpu 0000:c3:00.0: [drm] *ERROR* Error queueing DMUB command: status=2
Jul 31 10:12:45 amo kernel: amdgpu 0000:c3:00.0: [drm] *ERROR* dc_dmub_srv_log_diagnostic_data: DMCUB error - collecting diagnostic data
Jul 31 10:12:45 amo kernel: amdgpu 0000:c3:00.0: [drm] *ERROR* Error queueing DMUB command: status=2
Jul 31 10:12:45 amo kernel: amdgpu 0000:c3:00.0: [drm] *ERROR* dc_dmub_srv_log_diagnostic_data: DMCUB error - collecting diagnostic data
Jul 31 10:12:55 amo kernel: amdgpu 0000:c3:00.0: [drm] *ERROR* [CRTC:364:crtc-0] flip_done timed out
Jul 31 10:13:06 amo kernel: amdgpu 0000:c3:00.0: [drm] *ERROR* flip_done timed out
Jul 31 10:13:06 amo kernel: amdgpu 0000:c3:00.0: [drm] *ERROR* [CRTC:364:crtc-0] commit wait timed out
Jul 31 10:13:16 amo kernel: amdgpu 0000:c3:00.0: [drm] *ERROR* flip_done timed out
Jul 31 10:13:16 amo kernel: amdgpu 0000:c3:00.0: [drm] *ERROR* [PLANE:202:plane-3] commit wait timed out
Jul 31 10:13:16 amo kernel: amdgpu 0000:c3:00.0: [drm] *ERROR* Error queueing DMUB command: status=2
Jul 31 10:13:16 amo kernel: amdgpu 0000:c3:00.0: [drm] *ERROR* dc_dmub_srv_log_diagnostic_data: DMCUB error - collecting diagnostic data
Jul 31 10:13:16 amo kernel: amdgpu 0000:c3:00.0: [drm] *ERROR* Error queueing DMUB command: status=2
Jul 31 10:13:16 amo kernel: amdgpu 0000:c3:00.0: [drm] *ERROR* dc_dmub_srv_log_diagnostic_data: DMCUB error - collecting diagnostic data
Jul 31 10:13:17 amo kernel: amdgpu 0000:c3:00.0: [drm] *ERROR* Error queueing DMUB command: status=2
Jul 31 10:13:17 amo kernel: amdgpu 0000:c3:00.0: [drm] *ERROR* dc_dmub_srv_log_diagnostic_data: DMCUB error - collecting diagnostic data
Jul 31 10:13:17 amo kernel: amdgpu 0000:c3:00.0: [drm] *ERROR* Error queueing DMUB command: status=2
Jul 31 10:13:17 amo kernel: amdgpu 0000:c3:00.0: [drm] *ERROR* dc_dmub_srv_log_diagnostic_data: DMCUB error - collecting diagnostic data
Jul 31 10:13:17 amo kernel: amdgpu 0000:c3:00.0: [drm] *ERROR* Error queueing DMUB command: status=2
Jul 31 10:13:17 amo kernel: amdgpu 0000:c3:00.0: [drm] *ERROR* dc_dmub_srv_log_diagnostic_data: DMCUB error - collecting diagnostic data
Jul 31 10:13:18 amo kernel: amdgpu 0000:c3:00.0: [drm] *ERROR* Error queueing DMUB command: status=2
Jul 31 10:13:18 amo kernel: amdgpu 0000:c3:00.0: [drm] *ERROR* dc_dmub_srv_log_diagnostic_data: DMCUB error - collecting diagnostic data
Jul 31 10:13:18 amo kernel: amdgpu 0000:c3:00.0: [drm] *ERROR* Error queueing DMUB command: status=2
Jul 31 10:13:18 amo kernel: amdgpu 0000:c3:00.0: [drm] *ERROR* dc_dmub_srv_log_diagnostic_data: DMCUB error - collecting diagnostic data
Jul 31 10:13:18 amo kernel: amdgpu 0000:c3:00.0: [drm] *ERROR* Error queueing DMUB command: status=2
Jul 31 10:13:18 amo kernel: amdgpu 0000:c3:00.0: [drm] *ERROR* dc_dmub_srv_log_diagnostic_data: DMCUB error - collecting diagnostic data
